time,elpsec,O2Hb_1,O2Hb_2,Comment,A kind of odor,Timing
16:11,0,0,0,,,
16:11,0.16,0.16,-0.01,,,
16:11,0.33,0.14,-0.08,,,
16:11,0.49,0.1,-0.27,,,
16:11,0.66,0.38,-0.09,,,
16:11,0.82,0.31,-0.16,,,
16:11,0.99,0.21,-0.28,,,
16:11,1.15,0.43,-0.05,,,
16:11,1.32,0.36,-0.18,,,
16:11,1.48,0.27,-0.37,,,
16:11,1.65,0.44,-0.22,,,
16:11,1.81,0.39,-0.28,,,
16:11,1.98,0.4,-0.24,,,
16:11,2.14,0.52,-0.08,,,
16:11,2.31,0.47,-0.13,,,
16:11,2.47,0.65,0.08,,,
16:11,2.64,0.8,0.2,,,
16:11,2.8,0.73,0.12,,,
16:11,2.97,0.95,0.33,,,
16:11,3.13,1,0.41,,,
16:11,3.3,0.94,0.34,,,
16:11,3.46,1.17,0.64,,,
16:11,3.63,1.1,0.57,,,
16:11,3.79,1.01,0.41,,,
16:11,3.96,1.11,0.52,,,
16:11,4.12,1.07,0.42,,,
16:11,4.29,0.89,0.49,,,
16:11,4.45,0.92,0.72,,,
16:11,4.62,0.61,0.61,,,
16:11,4.78,0.3,0.28,,,
16:11,4.95,0.35,0.3,,,
16:11,5.11,0.14,0,,,
16:11,5.28,-0.12,-0.15,,,
16:11,5.44,-0.07,0.01,,,
16:11,5.61,-0.38,-0.23,,,
16:11,5.77,-0.46,-0.23,,,
16:11,5.94,-0.29,0.1,,,
16:11,6.1,-0.38,0.01,,,
16:11,6.27,-0.2,0.18,,,
16:11,6.43,-0.09,0.32,,,
16:11,6.6,-0.27,0.08,,,
16:11,6.76,-0.15,0.24,,,
16:11,6.93,-0.18,0.22,,,
16:11,7.09,-0.31,0.15,,,
16:11,7.26,-0.09,0.45,,,
16:11,7.42,-0.21,0.31,,,
16:11,7.59,-0.29,0.12,,,
16:11,7.75,-0.19,0.31,,,
16:11,7.92,-0.29,0.14,,,
16:11,8.08,-0.39,0.05,,,
16:11,8.25,-0.22,0.27,,,
16:11,8.41,-0.35,0.15,,,
16:12,8.58,-0.44,0.03,,,
16:12,8.74,-0.14,0.24,,,
16:12,8.91,-0.33,0.1,,,
16:12,9.07,-0.42,-0.01,,,
16:12,9.24,-0.23,0.17,,,
16:12,9.4,-0.37,0.05,,,
16:12,9.57,-0.51,-0.05,,,
16:12,9.73,-0.23,0.2,,,
16:12,9.9,-0.25,0.06,,,
16:12,10.06,-0.48,-0.07,,,
16:12,10.23,-0.22,0.16,,,
16:12,10.39,-0.27,0.13,,,
16:12,10.56,-0.46,-0.07,,,
16:12,10.72,-0.24,0.1,,,
16:12,10.89,-0.25,0.13,,,
16:12,11.05,-0.41,-0.07,,,
16:12,11.22,-0.37,-0.01,,,
16:12,11.38,-0.19,0.13,,,
16:12,11.55,-0.33,0.01,,,
16:12,11.71,-0.3,0.04,,,
16:12,11.88,-0.12,0.13,,,
16:12,12.04,-0.27,0.03,,,
16:12,12.21,-0.32,-0.03,,,
16:12,12.37,-0.15,0.18,,,
16:12,12.54,-0.21,0.08,,,
16:12,12.7,-0.33,-0.03,,,
16:12,12.87,-0.1,0.25,,,
16:12,13.03,-0.18,0.11,,,
16:12,13.2,-0.36,-0.05,,,
16:12,13.36,-0.08,0.18,,,
16:12,13.53,-0.19,0.13,,,
16:12,13.69,-0.3,-0.05,,,
16:12,13.86,-0.07,0.23,,,
16:12,14.02,-0.12,0.15,,,
16:12,14.19,-0.25,-0.01,,,
16:12,14.35,0.04,0.22,,,
16:12,14.52,-0.04,0.18,,,
16:12,14.68,-0.27,0.03,,,
16:12,14.85,0.06,0.27,,,
16:12,15.01,0.04,0.29,,,
16:12,15.18,-0.14,0.16,,,
16:12,15.34,0.19,0.37,,,
16:12,15.51,0.13,0.35,,,
16:12,15.67,-0.09,0.23,,,
16:12,15.84,0.21,0.49,,,
16:12,16,0.14,0.42,,,
16:12,16.17,-0.03,0.25,,,
16:12,16.33,0.27,0.45,,,
16:12,16.5,0.11,0.28,,,
16:12,16.66,-0.03,0.24,,,
16:12,16.83,0.27,0.47,,,
16:12,16.99,0.02,0.35,,,
16:12,17.16,0.13,0.38,,,
16:12,17.32,0.33,0.52,,,
16:12,17.49,0.1,0.36,,,
16:12,17.65,0.4,0.54,,,
16:12,17.82,0.46,0.63,,,
16:12,17.98,0.29,0.52,,,
16:12,18.15,0.54,0.74,,,
16:12,18.31,0.45,0.62,,,
16:12,18.48,0.32,0.5,,,
16:12,18.64,0.57,0.7,,,
16:12,18.81,0.43,0.59,,,
16:12,18.97,0.43,0.59,,,
16:12,19.14,0.6,0.78,,,
16:12,19.3,0.37,0.67,,,
16:12,19.47,0.58,0.8,,,
16:12,19.63,0.63,0.89,,,
16:12,19.8,0.46,0.73,,,
16:12,19.96,0.67,0.97,,,
16:12,20.13,0.64,0.96,,,
16:12,20.29,0.6,0.92,,,
16:12,20.46,0.73,1.11,,,
16:12,20.62,0.65,0.95,,,
16:12,20.79,0.71,1.03,,,
16:12,20.95,0.76,1.09,,,
16:12,21.12,0.59,0.89,,,
16:12,21.28,0.74,1.02,,,
16:12,21.45,0.75,1.02,,,
16:12,21.61,0.49,0.87,,,
16:12,21.78,0.7,1.03,,,
16:12,21.94,0.66,0.98,,,
16:12,22.11,0.43,0.78,,,
16:12,22.27,0.69,0.95,,,
16:12,22.44,0.55,0.84,,,
16:12,22.6,0.32,0.62,,,
16:12,22.77,0.58,0.91,,,
16:12,22.93,0.51,0.75,,,
16:12,23.1,0.38,0.65,,,
16:12,23.26,0.63,0.83,,,
16:12,23.43,0.4,0.67,,,
16:12,23.59,0.27,0.57,,,
16:12,23.76,0.51,0.82,,,
16:12,23.92,0.24,0.65,,,
16:12,24.09,0.29,0.56,,,
16:12,24.25,0.53,0.8,,,
16:12,24.42,0.32,0.68,,,
16:12,24.58,0.39,0.75,,,
16:12,24.75,0.61,0.92,,,
16:12,24.91,0.42,0.66,,,
16:12,25.08,0.49,0.74,,,
16:12,25.24,0.56,0.76,,,
16:12,25.41,0.38,0.53,,,
16:12,25.57,0.55,0.68,,,
16:12,25.74,0.52,0.56,,,
16:12,25.9,0.36,0.33,,,
16:12,26.07,0.47,0.46,,,
16:12,26.23,0.38,0.34,,,
16:12,26.4,0.22,0.12,,,
16:12,26.56,0.42,0.33,,,
16:12,26.73,0.36,0.31,,,
16:12,26.89,0.18,0.14,,,
16:12,27.06,0.39,0.42,,,
16:12,27.22,0.32,0.32,,,
16:12,27.39,0.17,0.17,,,
16:12,27.55,0.39,0.52,,,
16:12,27.72,0.31,0.47,,,
16:12,27.88,0.18,0.28,,,
16:12,28.05,0.37,0.59,,,
16:12,28.21,0.28,0.45,,,
16:12,28.38,0.2,0.29,,,
16:12,28.54,0.35,0.59,,,
16:12,28.71,0.24,0.4,,,
16:12,28.87,0.14,0.23,,,
16:12,29.04,0.35,0.54,,,
16:12,29.2,0.26,0.55,,,
16:12,29.37,0.16,0.37,,,
16:12,29.53,0.39,0.62,,,
16:12,29.7,0.3,0.57,,,
16:12,29.86,0.18,0.41,,,
16:12,30.03,0.4,0.65,,,
16:12,30.19,0.38,0.61,,,
16:12,30.36,0.2,0.38,,,
16:12,30.52,0.45,0.56,,,
16:12,30.69,0.31,0.41,,,
16:12,30.85,0.13,0.2,,,
16:12,31.02,0.46,0.43,,,
16:12,31.18,0.33,0.29,,,
16:12,31.35,0.05,0,,,
16:12,31.51,0.17,0.11,,,
16:12,31.68,0.04,0,,,
16:12,31.84,-0.21,-0.13,,,
16:12,32.01,0.09,0.07,,,
16:12,32.17,0.09,0.1,,,
16:12,32.34,-0.09,-0.13,,,
16:12,32.5,0.18,0.1,,,
16:12,32.67,0.19,0.05,,,
16:12,32.83,0.01,-0.16,,,
16:12,33,0.09,-0.06,,,
16:12,33.16,0.23,0.07,,,
16:12,33.33,0.04,-0.1,,,
16:12,33.49,-0.05,-0.17,,,
16:12,33.66,0.25,0.21,,,
16:12,33.82,0.06,0.12,,,
16:12,33.99,-0.09,-0.12,,,
16:12,34.15,0.07,0.03,,,
16:12,34.32,0.14,0.16,,,
16:12,34.48,-0.04,-0.09,,,
16:12,34.65,-0.11,-0.16,,,
16:12,34.81,0.11,0.07,,,
16:12,34.98,-0.01,-0.12,,,
16:12,35.14,-0.19,-0.34,,,
16:12,35.31,0.02,-0.07,,,
16:12,35.47,0,-0.09,,,
16:12,35.64,-0.24,-0.4,,,
16:12,35.8,-0.18,-0.36,,,
16:12,35.97,-0.05,-0.15,,,
16:12,36.13,-0.3,-0.35,,,
16:12,36.3,-0.42,-0.41,,,
16:12,36.46,-0.17,-0.13,,,
16:12,36.63,-0.37,-0.27,,,
16:12,36.79,-0.58,-0.51,,,
16:12,36.96,-0.22,-0.14,,,
16:12,37.12,-0.23,-0.18,,,
16:12,37.29,-0.53,-0.4,,,
16:12,37.45,-0.27,-0.13,,,
16:12,37.62,-0.22,-0.02,,,
16:12,37.78,-0.41,-0.23,,,
16:12,37.95,-0.33,-0.16,,,
16:12,38.11,-0.11,0.16,,,
16:12,38.28,-0.17,-0.01,,,
16:12,38.44,-0.24,-0.06,,,
16:12,38.61,0.1,0.23,,,
16:12,38.77,0.03,0.08,,,
16:12,38.94,-0.05,-0.09,,,
16:12,39.1,0.24,0.18,,,
16:12,39.27,0.18,0.1,,,
16:12,39.43,0.09,-0.03,,,
16:12,39.6,0.29,0.24,,,
16:12,39.76,0.27,0.18,,,
16:12,39.93,0.14,0,,,
16:12,40.09,0.43,0.23,,,
16:12,40.26,0.36,0.25,,,
16:12,40.42,0.2,0.13,,,
16:12,40.59,0.48,0.38,,,
16:12,40.75,0.38,0.37,,,
16:12,40.92,0.32,0.25,,,
16:12,41.08,0.64,0.52,,,
16:12,41.25,0.6,0.55,,,
16:12,41.41,0.39,0.39,,,
16:12,41.58,0.59,0.53,,,
16:12,41.74,0.64,0.43,,,
16:12,41.91,0.2,0.06,,,
16:12,42.07,0.3,0.14,,,
16:12,42.24,0.33,0.23,,,
16:12,42.4,0.11,0.01,,,
16:12,42.57,0.23,0.14,,,
16:12,42.73,0.27,0.26,,,
16:12,42.9,0.06,0.12,,,
16:12,43.06,0.28,0.43,,,
16:12,43.23,0.51,0.61,,,
16:12,43.39,0.37,0.5,,,
16:12,43.56,0.6,0.69,,,
16:12,43.72,0.64,0.73,,,
16:12,43.89,0.51,0.5,,,
16:12,44.05,0.76,0.73,,,
16:12,44.22,0.77,0.77,,,
16:12,44.38,0.62,0.58,,,
16:12,44.55,0.84,0.81,,,
16:12,44.71,0.79,0.73,,,
16:12,44.88,0.66,0.59,,,
16:12,45.04,0.93,0.82,,,
16:12,45.21,0.88,0.78,,,
16:12,45.37,0.74,0.69,,,
16:12,45.54,1.04,0.86,,,
16:12,45.7,0.95,0.81,,,
16:12,45.87,0.91,0.73,,,
16:12,46.03,1.17,0.91,,,
16:12,46.2,1,0.82,,,
16:12,46.36,0.98,0.77,,,
16:12,46.53,1.24,1.04,,,
16:12,46.69,1.06,0.81,,,
16:12,46.86,0.93,0.65,,,
16:12,47.02,1.1,0.8,,,
16:12,47.19,1.03,0.58,,,
16:12,47.35,1.07,0.59,,,
16:12,47.52,1.38,0.87,,,
16:12,47.68,1.19,0.73,,,
16:12,47.85,1.38,0.86,,,
16:12,48.01,1.3,0.8,,,
16:12,48.18,1.08,0.55,,,
16:12,48.34,1.38,0.86,,,
16:12,48.51,1.24,0.81,,,
16:12,48.67,1.18,0.76,,,
16:12,48.84,1.42,0.9,,,
16:12,49,1.23,0.69,,,
16:12,49.17,1.31,0.74,,,
16:12,49.33,1.48,0.87,,,
16:12,49.5,1.22,0.66,,,
16:12,49.66,1.51,0.82,,,
16:12,49.83,1.5,0.77,,,
16:12,49.99,1.27,0.66,,,
16:12,50.16,1.69,0.87,,,
16:12,50.32,1.64,0.82,,,
16:12,50.49,1.57,0.71,,,
16:12,50.65,1.81,0.92,,,
16:12,50.82,1.77,0.87,,,
16:12,50.98,1.72,0.86,,,
16:12,51.15,1.85,1.06,,,
16:12,51.31,1.78,0.88,,,
16:12,51.48,1.74,0.93,,,
16:12,51.64,1.78,1.06,,,
16:12,51.81,1.36,0.82,,,
16:12,51.97,1.15,0.63,,,
16:12,52.14,1.3,0.79,,,
16:12,52.3,1.1,0.65,,,
16:12,52.47,1.03,0.56,,,
16:12,52.63,1.22,0.81,,,
16:12,52.8,1.18,0.74, EVNT1,control,stimulation start
16:12,52.96,0.98,0.59,,,
16:12,53.13,1.11,0.67,,,
16:12,53.29,1.16,0.66,,,
16:12,53.46,0.91,0.47,,,
16:12,53.62,1.07,0.47,,,
16:12,53.79,1.15,0.5,,,
16:12,53.95,0.93,0.28,,,
16:12,54.12,1.06,0.13,,,
16:12,54.28,1.2,0.15,,,
16:12,54.45,0.94,-0.07,,,
16:12,54.61,1,-0.04,,,
16:12,54.78,1.15,0.03,,,
16:12,54.94,0.9,-0.18,,,
16:12,55.11,1.08,-0.11,,,
16:12,55.27,1.21,-0.06,,,
16:12,55.44,0.95,-0.26,,,
16:12,55.6,0.99,-0.25,,,
16:12,55.77,1.15,-0.17,,,
16:12,55.93,1.02,-0.42,,,
16:12,56.1,0.92,-0.43,,,
16:12,56.26,1.01,-0.14,,,
16:12,56.43,0.7,-0.26,,,
16:12,56.59,0.64,-0.29,,,
16:12,56.76,0.71,-0.08,,,
16:12,56.92,0.4,-0.3,,,
16:12,57.09,0.48,-0.2,,,
16:12,57.25,0.68,0.03,,,
16:12,57.42,0.48,-0.14,,,
16:12,57.58,0.56,0.01,,,
16:12,57.75,0.77,0.17,,,
16:12,57.91,0.57,0,,,
16:12,58.08,0.72,0.17,,,
16:12,58.24,0.76,0.26,,,
16:12,58.41,0.52,0.06,,,
16:12,58.57,0.79,0.28,,,
16:12,58.74,0.75,0.3,,,
16:12,58.9,0.55,0.1,,,
16:12,59.07,0.81,0.33,,,
16:12,59.23,0.28,0.12,,,
16:12,59.4,0.14,0.01,,,
16:12,59.56,0.47,0.3,,,
16:12,59.73,0.44,0.34,,,
16:12,59.89,0.22,0.08,,,
16:12,60.06,0.45,0.29,,,
16:12,60.22,0.3,0.19,,,
16:12,60.39,0.05,-0.05,,,
16:12,60.55,0.33,0.2,,,
16:12,60.72,0.38,0.33,,,
16:12,60.88,0.24,0.23,,,
16:12,61.05,0.48,0.49,,,
16:12,61.21,0.54,0.44,,,
16:12,61.38,0.36,0.26,,,
16:12,61.54,0.56,0.55,,,
16:12,61.71,0.75,0.66,,,
16:12,61.87,0.58,0.41,,,
16:12,62.04,0.71,0.46,,,
16:12,62.2,0.52,0.51,,,
16:12,62.37,0.32,0.32,,,
16:12,62.53,0.35,0.41,,,
16:12,62.7,0.49,0.62,,,
16:12,62.86,0.37,0.4,,,
16:12,63.03,0.44,0.42,,,
16:12,63.19,0.61,0.64,,,
16:12,63.36,0.43,0.45,,,
16:12,63.52,0.33,0.36,,,
16:12,63.69,0.55,0.61,,,
16:12,63.85,0.43,0.49,,,
16:12,64.02,0.32,0.32,,,
16:12,64.18,0.55,0.61,,,
16:12,64.35,0.51,0.55,,,
16:12,64.51,0.31,0.31,,,
16:12,64.68,0.5,0.56,,,
16:12,64.84,0.41,0.43,,,
16:12,65.01,0.1,0.21,,,
16:12,65.17,0.32,0.48,,,
16:12,65.34,0.16,0.42,,,
16:12,65.5,-0.11,0.15,,,
16:12,65.67,0.23,0.33,,,
16:12,65.83,0.42,0.62,,,
16:12,66,0.54,0.55,,,
16:12,66.16,0.94,0.51,,,
16:12,66.33,0.7,0.37,,,
16:12,66.49,0.35,0.33,,,
16:12,66.66,0.63,0.61,,,
16:12,66.82,0.59,0.54,,,
16:12,66.99,0.57,0.31,,,
16:12,67.15,0.92,0.54,,,
16:12,67.32,0.73,0.46,,,
16:12,67.48,0.52,0.32,,,
16:12,67.65,0.92,0.59,,,
16:12,67.81,0.88,0.48,,,
16:12,67.98,0.67,0.27,,,
16:12,68.14,0.97,0.48,,,
16:12,68.31,0.94,0.4,,,
16:12,68.47,0.68,0.22,,,
16:12,68.64,0.86,0.34,,,
16:13,68.8,0.86,0.37,,,
16:13,68.97,0.5,0.14,,,
16:13,69.13,0.4,0.07,,,
16:13,69.3,0.35,0.09,,,
16:13,69.46,0,-0.32,,,
16:13,69.63,-0.08,-0.16,,,
16:13,69.79,0.21,0.22,,,
16:13,69.96,0.03,0.1,,,
16:13,70.12,-0.08,0.07,,,
16:13,70.29,-0.09,0.18,,,
16:13,70.45,-0.22,-0.04,,,
16:13,70.62,-0.05,0,,,
16:13,70.78,0.03,0.14,,,
16:13,70.95,-0.14,-0.06,,,
16:13,71.11,-0.02,0.14,,,
16:13,71.28,-0.01,0.11,,,
16:13,71.44,-0.22,-0.07,,,
16:13,71.61,0.09,0.17,,,
16:13,71.77,-0.02,0.05,,,
16:13,71.94,0.06,0.05,,,
16:13,72.1,0.2,0.18,,,
16:13,72.27,-0.02,-0.1,,,
16:13,72.43,0.18,0.04,,,
16:13,72.6,0.15,0.06,,,
16:13,72.76,0.09,-0.05,,,
16:13,72.93,0.38,0.13,,,
16:13,73.09,0.3,-0.02,,,
16:13,73.26,0.27,-0.08,,,
16:13,73.42,0.48,0.08,,,
16:13,73.59,0.25,-0.05,,,
16:13,73.75,0.34,0.12,,,
16:13,73.92,0.49,0.15,,,
16:13,74.08,0.36,0.01,,,
16:13,74.25,0.69,0.18,,,
16:13,74.41,0.67,0.12,,,
16:13,74.58,0.55,0.02,,,
16:13,74.74,0.9,0.26,,,
16:13,74.91,0.68,0.17,,,
16:13,75.07,0.56,0.1,,,
16:13,75.24,0.99,0.43,,,
16:13,75.4,0.86,0.26,,,
16:13,75.57,0.86,0.17,,,
16:13,75.73,1.12,0.27,,,
16:13,75.9,1.01,0.04,,,
16:13,76.06,1.19,0.06,,,
16:13,76.23,1.29,0.04,,,
16:13,76.39,1.22,-0.19,,,
16:13,76.56,1.55,-0.08,,,
16:13,76.72,1.63,-0.27,,,
16:13,76.89,1.62,-0.35,,,
16:13,77.05,1.97,-0.06,,,
16:13,77.22,1.74,-0.11,,,
16:13,77.38,1.62,-0.07,,,
16:13,77.55,1.79,0.22,,,
16:13,77.71,1.47,0.29,,,
16:13,77.88,1.36,0.6,,,
16:13,78.04,1.43,1.07,,,
16:13,78.21,0.88,0.83,,,
16:13,78.37,0.7,0.73,,,
16:13,78.54,0.79,0.73,,,
16:13,78.7,0.54,0.43,,,
16:13,78.87,0.55,0.53,,,
16:13,79.03,0.66,0.74,,,
16:13,79.2,0.47,0.58,,,
16:13,79.36,0.51,0.51,,,
16:13,79.53,0.61,0.66,,,
16:13,79.69,0.49,0.44,,,
16:13,79.86,0.39,0.35,,,
16:13,80.02,0.59,0.56,,,
16:13,80.19,0.42,0.38,,,
16:13,80.35,0.17,0.16,,,
16:13,80.52,0.37,0.44,,,
16:13,80.68,0.16,0.31,,,
16:13,80.85,-0.09,0.08,,,
16:13,81.01,0.23,0.32,,,
16:13,81.18,0.2,0.4,,,
16:13,81.34,-0.06,0.24,,,
16:13,81.51,0.13,0.42,,,
16:13,81.67,0.18,0.44,,,
16:13,81.84,-0.07,0.23,,,
16:13,82,-0.01,0.35,,,
16:13,82.17,0.06,0.5,,,
16:13,82.33,-0.17,0.25,,,
16:13,82.5,-0.13,0.3,,,
16:13,82.66,-0.05,0.46,,,
16:13,82.83,-0.26,0.3,,,
16:13,82.99,-0.19,0.48,,,
16:13,83.16,-0.03,0.53,,,
16:13,83.32,-0.27,0.36,,,
16:13,83.49,-0.09,0.53,,,
16:13,83.65,0.06,0.62,,,
16:13,83.82,-0.22,0.29,,,
16:13,83.98,0.21,0.55,,,
16:13,84.15,0.17,0.52,,,
16:13,84.31,-0.18,0.17,,,
16:13,84.48,-0.06,0.23,,,
16:13,84.64,0.12,0.28, EVNT2,control,stimulation stop
16:13,84.81,0.15,0.08,,,
16:13,84.97,0.31,0.25,,,
16:13,85.14,0.27,0.23,,,
16:13,85.3,-0.17,-0.12,,,
16:13,85.47,-0.02,0.02,,,
16:13,85.63,0,0.2,,,
16:13,85.8,-0.34,-0.12,,,
16:13,85.96,-0.39,0.03,,,
16:13,86.13,-0.49,0.15,,,
16:13,86.29,-0.76,0.01,,,
16:13,86.46,-0.55,0.28,,,
16:13,86.62,-0.51,0.44,,,
16:13,86.79,-0.54,0.52,,,
16:13,86.95,-0.14,0.91,,,
16:13,87.12,-0.15,0.87,,,
16:13,87.28,-0.28,0.51,,,
16:13,87.45,0,0.56,,,
16:13,87.61,-0.07,0.4,,,
16:13,87.78,-0.21,0.21,,,
16:13,87.94,0.01,0.53,,,
16:13,88.11,-0.09,0.42,,,
16:13,88.27,-0.22,0.3,,,
16:13,88.44,-0.05,0.57,,,
16:13,88.6,-0.27,0.29,,,
16:13,88.77,-0.41,0.21,,,
16:13,88.93,-0.24,0.55,,,
16:13,89.1,-0.47,0.23,,,
16:13,89.26,-0.69,0.09,,,
16:13,89.43,-0.33,0.49,,,
16:13,89.59,-0.39,0.46,,,
16:13,89.76,-0.53,0.31,,,
16:13,89.92,-0.27,0.7,,,
16:13,90.09,-0.22,0.73,,,
16:13,90.25,-0.37,0.57,,,
16:13,90.42,0,0.86,,,
16:13,90.58,0.18,0.96,,,
16:13,90.75,0.07,0.75,,,
16:13,90.91,0.21,0.9,,,
16:13,91.08,0.52,1.14,,,
16:13,91.24,0.31,0.93,,,
16:13,91.41,0.28,0.81,,,
16:13,91.57,0.69,1.11,,,
16:13,91.74,0.49,1.01,,,
16:13,91.9,0.26,0.81,,,
16:13,92.07,0.69,1.03,,,
16:13,92.23,0.56,0.99,,,
16:13,92.4,0.35,0.8,,,
16:13,92.56,0.57,0.83,,,
16:13,92.73,0.39,0.8,,,
16:13,92.89,0.11,0.66,,,
16:13,93.06,0.4,0.78,,,
16:13,93.22,0.29,0.7,,,
16:13,93.39,-0.05,0.53,,,
16:13,93.55,0.3,0.67,,,
16:13,93.72,0.23,0.6,,,
16:13,93.88,0.03,0.44,,,
16:13,94.05,0.34,0.7,,,
16:13,94.21,0.24,0.68,,,
16:13,94.38,0.08,0.52,,,
16:13,94.54,0.43,0.81,,,
16:13,94.71,0.27,0.72,,,
16:13,94.87,0.08,0.52,,,
16:13,95.04,0.45,0.72,,,
16:13,95.2,0.21,0.73,,,
16:13,95.37,0.17,0.62,,,
16:13,95.53,0.42,0.86,,,
16:13,95.7,0.08,0.67,,,
16:13,95.86,0.22,0.64,,,
16:13,96.03,0.41,0.91,,,
16:13,96.19,0.19,0.76,,,
16:13,96.36,0.31,0.84,,,
16:13,96.52,0.43,1.03,,,
16:13,96.69,0.2,0.83,,,
16:13,96.85,0.36,0.97,,,
16:13,97.02,0.43,0.98,,,
16:13,97.18,0.24,0.78,,,
16:13,97.35,0.49,0.96,,,
16:13,97.51,0.34,0.86,,,
16:13,97.68,0.26,0.7,,,
16:13,97.84,0.49,0.93,,,
16:13,98.01,0.45,0.71,,,
16:13,98.17,0.57,0.69,,,
16:13,98.34,0.64,0.78,,,
16:13,98.5,0.54,0.61,,,
16:13,98.67,0.74,0.89,,,
16:13,98.83,0.71,0.94,,,
16:13,99,0.58,0.82,,,
16:13,99.16,0.87,1.11,,,
16:13,99.33,0.62,1,,,
16:13,99.49,0.54,0.95,,,
16:13,99.66,0.54,0.86,,,
16:13,99.82,0.21,0.52,,,
16:13,99.99,0.57,0.82,,,
16:13,100.15,0.64,1.3,,,
16:13,100.32,0.47,1.33,,,
16:13,100.48,0.81,1.35,,,
16:13,100.65,0.68,1.09,,,
16:13,100.81,0.7,1.03,,,
16:13,100.98,0.89,1.3,,,
16:13,101.14,0.76,1.16,,,
16:13,101.31,0.95,1.27,,,
16:13,101.47,0.96,1.28,,,
16:13,101.64,0.73,1.12,,,
16:13,101.8,0.95,1.24,,,
16:13,101.97,0.77,1.15,,,
16:13,102.13,0.68,1.02,,,
16:13,102.3,0.94,1.11,,,
16:13,102.46,0.61,0.84,,,
16:13,102.63,0.73,0.99,,,
16:13,102.79,0.75,1.03,,,
16:13,102.96,0.5,0.8,,,
16:13,103.12,0.84,1.01,,,
16:13,103.29,0.54,0.85,,,
16:13,103.45,0.53,0.81,,,
16:13,103.62,0.76,0.95,,,
16:13,103.78,0.42,0.71,,,
16:13,103.95,0.65,0.77,,,
16:13,104.11,0.64,0.67,,,
16:13,104.28,0.48,0.52,,,
16:13,104.44,0.81,0.68,,,
16:13,104.61,0.62,0.53,,,
16:13,104.77,0.65,0.45,,,
16:13,104.94,0.76,0.56,,,
16:13,105.1,0.57,0.4,,,
16:13,105.27,0.84,0.56,,,
16:13,105.43,0.76,0.52,,,
16:13,105.6,0.68,0.5,,,
16:13,105.76,0.93,0.71,,,
16:13,105.93,0.73,0.55,,,
16:13,106.09,0.85,0.67,,,
16:13,106.26,0.9,0.66,,,
16:13,106.42,0.68,0.54,,,
16:13,106.59,0.95,0.8,,,
16:13,106.75,0.91,0.73,,,
16:13,106.92,0.84,0.66,,,
16:13,107.08,1.04,0.89,,,
16:13,107.25,0.84,0.75,,,
16:13,107.41,0.85,0.8,,,
16:13,107.58,1.03,1.02,,,
16:13,107.74,0.82,0.77,,,
16:13,107.91,0.92,0.91,,,
16:13,108.07,0.97,1.07,,,
16:13,108.24,0.67,0.82,,,
16:13,108.4,0.91,1.07,,,
16:13,108.57,0.94,1.05,,,
16:13,108.73,0.71,0.8,,,
16:13,108.9,0.93,0.92,,,
16:13,109.06,0.76,0.89,,,
16:13,109.23,0.42,0.68,,,
16:13,109.39,0.82,0.95,,,
16:13,109.56,0.64,0.83,,,
16:13,109.72,0.56,0.74,,,
16:13,109.89,0.96,1,,,
16:13,110.05,0.8,0.9,,,
16:13,110.22,0.74,0.9,,,
16:13,110.38,0.99,1.13,,,
16:13,110.55,0.78,0.95,,,
16:13,110.71,0.88,1.07,,,
16:13,110.88,0.91,1.08,,,
16:13,111.04,0.71,0.83,,,
16:13,111.21,0.91,1.01,,,
16:13,111.37,0.71,0.94,,,
16:13,111.54,0.56,0.74,,,
16:13,111.7,0.83,1,,,
16:13,111.87,0.7,0.91,,,
16:13,112.03,0.52,0.8,,,
16:13,112.2,0.83,1.09,,,
16:13,112.36,0.72,0.98,,,
16:13,112.53,0.55,0.9,,,
16:13,112.69,0.88,1.18,,,
16:13,112.86,0.78,1.1,,,
16:13,113.02,0.65,0.87,,,
16:13,113.19,0.93,1.08,,,
16:13,113.35,0.74,0.98,,,
16:13,113.52,0.53,0.77,,,
16:13,113.68,0.71,0.94,,,
16:13,113.85,0.69,0.89,,,
16:13,114.01,0.48,0.71,,,
16:13,114.18,0.66,0.97,,,
16:13,114.34,0.49,0.89,,,
16:13,114.51,0.1,0.6,,,
16:13,114.67,0.31,0.81,,,
16:13,114.84,0.2,0.72,,,
16:13,115,0.04,0.56,,,
16:13,115.17,0.2,0.81,,,
16:13,115.33,-0.2,0.63,,,
16:13,115.5,-0.25,0.87,,,
16:13,115.66,0,1.32,,,
16:13,115.83,-0.07,1,,,
16:13,115.99,0.09,0.94,,,
16:13,116.16,0.29,1.03,,,
16:13,116.32,0.18,0.9,,,
16:13,116.49,0.41,1.13,,,
16:13,116.65,0.42,1.1,,,
16:13,116.82,0.33,0.94,,,
16:13,116.98,0.63,1.13,,,
16:13,117.15,0.47,1.02,,,
16:13,117.31,0.51,0.98,,,
16:13,117.48,0.71,1.2,,,
16:13,117.64,0.45,1,,,
16:13,117.81,0.49,1.1,,,
16:13,117.97,0.39,1.06,,,
16:13,118.14,-0.12,0.52,,,
16:13,118.3,0.03,0.42,,,
16:13,118.47,0,0.19,,,
16:13,118.63,-0.09,0.15,,,
16:13,118.8,0.32,0.65,,,
16:13,118.96,0.3,0.86,,,
16:13,119.13,0.45,1.06,,,
16:13,119.29,0.57,1.12,,,
16:13,119.46,0.28,0.88,,,
16:13,119.62,0.6,1.09,,,
16:13,119.79,0.6,1.08,,,
16:13,119.95,0.5,0.97,,,
16:13,120.12,0.77,1.22,,,
16:13,120.28,0.65,1.12,,,
16:13,120.45,0.67,1.13,,,
16:13,120.61,0.78,1.31,,,
16:13,120.78,0.61,1.04,,,
16:13,120.94,0.78,1.2,,,
16:13,121.11,0.79,1.26,,,
16:13,121.27,0.54,1.08,,,
16:13,121.44,0.73,1.33,,,
16:13,121.6,0.5,1.15,,,
16:13,121.77,0.44,1.15,,,
16:13,121.93,0.87,1.34,,,
16:13,122.1,0.83,1.14,,,
16:13,122.26,1.05,1.39,,,
16:13,122.43,0.95,1.49,,,
16:13,122.59,0.72,1.31,,,
16:13,122.76,1.01,1.53,,,
16:13,122.92,0.93,1.53,,,
16:13,123.09,0.83,1.4,,,
16:13,123.25,1.07,1.59,,,
16:13,123.42,0.96,1.52,,,
16:13,123.58,0.89,1.48,,,
16:13,123.75,1.4,1.82,,,
16:13,123.91,1.59,1.83,,,
16:13,124.08,1.69,1.75,,,
16:13,124.24,1.89,1.84,,,
16:13,124.41,1.51,1.65,,,
16:13,124.57,1.56,1.68,,,
16:13,124.74,1.55,1.68,,,
16:13,124.9,1.2,1.45,,,
16:13,125.07,1.24,1.52,,,
16:13,125.23,1.16,1.61,,,
16:13,125.4,0.87,1.32,,,
16:13,125.56,0.99,1.38,,,
16:13,125.73,0.71,1.14,,,
16:13,125.89,0.33,0.87,,,
16:13,126.06,0.44,0.99,,,
16:13,126.22,0.32,0.85,,,
16:13,126.39,0.16,0.68,,,
16:13,126.55,0.25,0.73,,,
16:13,126.72,-0.22,0.29,,,
16:13,126.88,-0.33,0.14,,,
16:13,127.05,-0.33,-0.01,,,
16:13,127.21,-0.54,-0.52,,,
16:13,127.38,-0.21,-0.45,,,
16:13,127.54,-0.13,-0.41,,,
16:13,127.71,0.04,-0.28,,,
16:13,127.87,0.38,0.1,,,
16:13,128.04,0.3,0.08,,,
16:13,128.2,0.62,0.33,,,
16:13,128.37,0.67,0.39,,,
16:13,128.53,0.54,0.39,,,
16:13,128.7,0.85,0.67,,,
16:14,128.86,0.74,0.58,,,
16:14,129.03,0.74,0.66,,,
16:14,129.19,0.86,0.82,,,
16:14,129.36,0.63,0.6,,,
16:14,129.52,0.71,0.67,,,
16:14,129.69,0.38,0.43,,,
16:14,129.85,0.18,0.28,,,
16:14,130.02,0.39,0.4,,,
16:14,130.18,0.15,0.58,,,
16:14,130.35,0.43,0.98,,,
16:14,130.51,0.41,1.15,,,
16:14,130.68,0.31,1.03,,,
16:14,130.84,0.76,1.42,,,
16:14,131.01,0.74,1.34,,,
16:14,131.17,0.86,1.55,,,
16:14,131.34,0.92,1.6,,,
16:14,131.5,0.85,1.49,,,
16:14,131.67,1.19,1.75,,,
16:14,131.83,1.11,1.65,,,
16:14,132,1.1,1.6,,,
16:14,132.16,1.35,1.83,,,
16:14,132.33,1.1,1.62,,,
16:14,132.49,1.31,1.75,,,
16:14,132.66,1.47,1.93,,,
16:14,132.82,1.19,1.79,,,
16:14,132.99,1.57,2.04,,,
16:14,133.15,1.53,2.02,,,
16:14,133.32,1.39,1.93,,,
16:14,133.48,1.68,2.14,,,
16:14,133.65,1.49,2.07,,,
16:14,133.81,1.53,2.11,,,
16:14,133.98,1.62,2.29,,,
16:14,134.14,1.4,2.09,,,
16:14,134.31,1.62,2.21,,,
16:14,134.47,1.62,2.22,,,
16:14,134.64,1.35,1.95,,,
16:14,134.8,1.65,2.2,,,
16:14,134.97,1.55,2.08,,,
16:14,135.13,1.25,1.88,,,
16:14,135.3,1.66,2.11,,,
16:14,135.46,1.46,2.03,,,
16:14,135.63,1.31,1.84,,,
16:14,135.79,1.62,2.11,,,
16:14,135.96,1.47,1.97,,,
16:14,136.12,1.33,1.8,,,
16:14,136.29,1.61,1.94,,,
16:14,136.45,1.41,1.79,,,
16:14,136.62,1.42,1.74,,,
16:14,136.78,1.54,1.89,,,
16:14,136.95,1.27,1.63,,,
16:14,137.11,1.39,1.66,,,
16:14,137.28,1.46,1.7,,,
16:14,137.44,1.03,1.47,,,
16:14,137.61,1.2,1.5,,,
16:14,137.77,1.29,1.66,,,
16:14,137.94,0.94,1.46,,,
16:14,138.1,1.1,1.63,,,
16:14,138.27,1.13,1.76,,,
16:14,138.43,0.85,1.59,,,
16:14,138.6,0.9,1.71,,,
16:14,138.76,1.05,1.85,,,
16:14,138.93,0.77,1.67,,,
16:14,139.09,0.91,1.71,,,
16:14,139.26,0.98,1.78,,,
16:14,139.42,0.75,1.57,,,
16:14,139.59,0.75,1.6,,,
16:14,139.75,0.87,1.74,,,
16:14,139.92,0.62,1.49,,,
16:14,140.08,0.57,1.41,,,
16:14,140.25,0.79,1.66,,,
16:14,140.41,0.59,1.5,,,
16:14,140.58,0.55,1.45,,,
16:14,140.74,0.82,1.67,,,
16:14,140.91,0.59,1.51,,,
16:14,141.07,0.48,1.42,,,
16:14,141.24,0.87,1.75,,,
16:14,141.4,0.77,1.66,,,
16:14,141.57,0.62,1.56,,,
16:14,141.73,0.92,1.79,,,
16:14,141.9,0.77,1.51,,,
16:14,142.06,0.51,1.24,,,
16:14,142.23,0.78,1.37,,,
16:14,142.39,0.49,0.99,,,
16:14,142.56,0.12,0.61,,,
16:14,142.72,0.47,0.99,,,
16:14,142.89,0.32,1.06,,,
16:14,143.05,0.12,1.04,,,
16:14,143.22,0.48,1.39,,,
16:14,143.38,0.37,1.36,,,
16:14,143.55,0.11,1.21, EVNT3,Odor fo Father,stimulation start
16:14,143.71,0.56,1.51,,,
16:14,143.88,0.52,1.55,,,
16:14,144.04,0.24,1.4,,,
16:14,144.21,0.63,1.69,,,
16:14,144.37,0.51,1.7,,,
16:14,144.54,0.31,1.5,,,
16:14,144.7,0.69,1.75,,,
16:14,144.87,0.65,1.76,,,
16:14,145.03,0.35,1.55,,,
16:14,145.2,0.68,1.76,,,
16:14,145.36,0.75,1.86,,,
16:14,145.53,0.49,1.63,,,
16:14,145.69,0.72,1.74,,,
16:14,145.86,0.83,1.84,,,
16:14,146.02,0.6,1.59,,,
16:14,146.19,0.71,1.67,,,
16:14,146.35,0.91,1.81,,,
16:14,146.52,0.67,1.59,,,
16:14,146.68,0.76,1.6,,,
16:14,146.85,1.02,1.77,,,
16:14,147.01,0.74,1.56,,,
16:14,147.18,0.78,1.51,,,
16:14,147.34,1.01,1.63,,,
16:14,147.51,0.77,1.44,,,
16:14,147.67,0.82,1.35,,,
16:14,147.84,0.98,1.46,,,
16:14,148,0.76,1.17,,,
16:14,148.17,0.89,1.25,,,
16:14,148.33,0.93,1.39,,,
16:14,148.5,0.66,1.12,,,
16:14,148.66,0.83,1.2,,,
16:14,148.83,0.95,1.23,,,
16:14,148.99,0.63,0.82,,,
16:14,149.16,0.69,0.66,,,
16:14,149.32,0.58,0.54,,,
16:14,149.49,0.31,0.44,,,
16:14,149.65,0.63,0.82,,,
16:14,149.82,0.56,0.87,,,
16:14,149.98,0.43,0.72,,,
16:14,150.15,0.75,0.96,,,
16:14,150.31,0.67,0.83,,,
16:14,150.48,0.56,0.78,,,
16:14,150.64,0.85,1.02,,,
16:14,150.81,0.59,0.88,,,
16:14,150.97,0.46,0.91,,,
16:14,151.14,0.72,1.24,,,
16:14,151.3,0.42,0.98,,,
16:14,151.47,0.37,0.89,,,
16:14,151.63,0.68,1.17,,,
16:14,151.8,0.68,1.05,,,
16:14,151.96,0.34,0.83,,,
16:14,152.13,0.43,1.17,,,
16:14,152.29,0,1.18,,,
16:14,152.46,-0.15,1.25,,,
16:14,152.62,-0.03,1.18,,,
16:14,152.79,-0.32,0.89,,,
16:14,152.95,-0.12,0.95,,,
16:14,153.12,-0.25,0.41,,,
16:14,153.28,-0.51,-0.02,,,
16:14,153.45,-0.23,0.21,,,
16:14,153.61,-0.63,0.72,,,
16:14,153.78,-0.53,1.41,,,
16:14,153.94,-0.14,1.65,,,
16:14,154.11,-0.14,1.67,,,
16:14,154.27,0.23,1.7,,,
16:14,154.44,0.37,1.74,,,
16:14,154.6,0.03,1.51,,,
16:14,154.77,-0.1,1.31,,,
16:14,154.93,-0.32,0.85,,,
16:14,155.1,-0.8,0.29,,,
16:14,155.26,-0.56,0.22,,,
16:14,155.43,-0.56,-0.22,,,
16:14,155.59,-0.67,-0.33,,,
16:14,155.76,-0.37,-0.2,,,
16:14,155.92,-0.6,-0.26,,,
16:14,156.09,-0.79,-0.36,,,
16:14,156.25,-0.44,-0.06,,,
16:14,156.42,-0.65,-0.24,,,
16:14,156.58,-0.89,-0.45,,,
16:14,156.75,-0.68,-0.24,,,
16:14,156.91,-1.16,-0.21,,,
16:14,157.08,-1.33,-0.19,,,
16:14,157.24,-1.03,0.02,,,
16:14,157.41,-1.23,-0.2,,,
16:14,157.57,-1.06,-0.16,,,
16:14,157.74,-0.89,0.02,,,
16:14,157.9,-1.16,-0.3,,,
16:14,158.07,-0.94,-0.2,,,
16:14,158.23,-1.01,-0.21,,,
16:14,158.4,-1.24,-0.34,,,
16:14,158.56,-0.94,-0.02,,,
16:14,158.73,-1.15,-0.26,,,
16:14,158.89,-1.36,-0.48,,,
16:14,159.06,-0.94,-0.76,,,
16:14,159.22,-1.02,-1.03,,,
16:14,159.39,-0.94,-0.66,,,
16:14,159.55,-0.66,-0.46,,,
16:14,159.72,-0.95,-0.63,,,
16:14,159.88,-0.74,-0.54,,,
16:14,160.05,-0.73,-0.44,,,
16:14,160.21,-0.91,-0.37,,,
16:14,160.38,-0.57,-0.1,,,
16:14,160.54,-0.67,-0.19,,,
16:14,160.71,-0.76,-0.17,,,
16:14,160.87,-0.48,0.07,,,
16:14,161.04,-0.64,-0.02,,,
16:14,161.2,-0.6,-0.05,,,
16:14,161.37,-0.45,0.07,,,
16:14,161.53,-0.71,-0.01,,,
16:14,161.7,-0.5,0.29,,,
16:14,161.86,-0.62,0.58,,,
16:14,162.03,-0.8,0.42,,,
16:14,162.19,-0.55,0.84,,,
16:14,162.36,-0.76,1.06,,,
16:14,162.52,-0.82,1.15,,,
16:14,162.69,-0.65,1.36,,,
16:14,162.85,-0.84,1.25,,,
16:14,163.02,-0.72,1.4,,,
16:14,163.18,-0.58,1.28,,,
16:14,163.35,-0.42,1.29,,,
16:14,163.51,-0.03,1.32,,,
16:14,163.68,-0.09,1.45,,,
16:14,163.84,-0.23,1.4,,,
16:14,164.01,-0.08,1.41,,,
16:14,164.17,-0.16,0.93,,,
16:14,164.34,-0.11,0.77,,,
16:14,164.5,-0.03,1,,,
16:14,164.67,-0.46,0.98,,,
16:14,164.83,-0.2,1.25,,,
16:14,165,-0.15,1.3,,,
16:14,165.16,-0.32,1.21,,,
16:14,165.33,-0.07,1.6,,,
16:14,165.49,-0.12,1.73,,,
16:14,165.66,-0.21,1.78,,,
16:14,165.82,0.01,2.06,,,
16:14,165.99,-0.19,2.1,,,
16:14,166.15,-0.01,2.57,,,
16:14,166.32,0.23,2.88,,,
16:14,166.48,0.17,2.84,,,
16:14,166.65,0.66,2.96,,,
16:14,166.81,0.77,2.86,,,
16:14,166.98,1.18,2.47,,,
16:14,167.14,1.36,2.07,,,
16:14,167.31,1.24,1.82,,,
16:14,167.47,1.54,1.98,,,
16:14,167.64,1.58,2.41,,,
16:14,167.8,1.41,2.51,,,
16:14,167.97,1.61,2.57,,,
16:14,168.13,1.48,2.16,,,
16:14,168.3,1.47,1.91,,,
16:14,168.46,1.64,2.16,,,
16:14,168.63,1.25,2.18,,,
16:14,168.79,1.34,2.37,,,
16:14,168.96,1.28,2.44,,,
16:14,169.12,1.02,2.31,,,
16:14,169.29,1.27,2.44,,,
16:14,169.45,1.17,2.27,,,
16:14,169.62,0.82,1.99,,,
16:14,169.78,0.9,2.09,,,
16:14,169.95,0.52,1.86,,,
16:14,170.11,0.2,1.62,,,
16:14,170.28,0.27,1.63,,,
16:14,170.44,-0.16,1.21,,,
16:14,170.61,-0.14,1.08,,,
16:14,170.77,0.07,1.24,,,
16:14,170.94,-0.19,0.98,,,
16:14,171.1,-0.13,0.97,,,
16:14,171.27,0.04,1.18,,,
16:14,171.43,-0.26,0.94,,,
16:14,171.6,-0.28,1.05,,,
16:14,171.76,0,1.21,,,
16:14,171.93,-0.18,1.02,,,
16:14,172.09,-0.07,1.05,,,
16:14,172.26,0.16,1.24,,,
16:14,172.42,0.02,1.12,,,
16:14,172.59,0.1,1.24,,,
16:14,172.75,0.39,1.44,,,
16:14,172.92,0.15,1.25,,,
16:14,173.08,0.22,1.19,,,
16:14,173.25,0.51,1.37,,,
16:14,173.41,0.27,1.16,,,
16:14,173.58,0.2,1.2,,,
16:14,173.74,0.28,1.38,,,
16:14,173.91,-0.15,1.37,,,
16:14,174.07,-0.03,1.73,,,
16:14,174.24,0.17,1.95,,,
16:14,174.4,-0.29,1.53,,,
16:14,174.57,-0.26,1.55,,,
16:14,174.73,-0.23,1.75,,,
16:14,174.9,-0.59,1.85,,,
16:14,175.06,-0.51,2.31, EVNT4,Odor fo Father,stimulation stop
16:14,175.23,-0.63,2.42,,,
16:14,175.39,-1,2.44,,,
16:14,175.56,-0.79,2.77,,,
16:14,175.72,-1.16,2.54,,,
16:14,175.89,-1.43,2.16,,,
16:14,176.05,-0.96,2.23,,,
16:14,176.22,-1.23,2.06,,,
16:14,176.38,-1.57,1.69,,,
16:14,176.55,-1.31,1.94,,,
16:14,176.71,-1.49,1.83,,,
16:14,176.88,-1.62,1.67,,,
16:14,177.04,-1.26,1.86,,,
16:14,177.21,-1.36,1.81,,,
16:14,177.37,-1.54,1.71,,,
16:14,177.54,-0.9,1.83,,,
16:14,177.7,-0.89,1.66,,,
16:14,177.87,-1.05,1.28,,,
16:14,178.03,-0.75,1.43,,,
16:14,178.2,-0.61,1.43,,,
16:14,178.36,-0.83,1.21,,,
16:14,178.53,-0.71,1.17,,,
16:14,178.69,-0.46,1.35,,,
16:14,178.86,-0.67,1.25,,,
16:14,179.02,-0.91,1.08,,,
16:14,179.19,-0.53,1.27,,,
16:14,179.35,-0.56,1.26,,,
16:14,179.52,-0.53,1.11,,,
16:14,179.68,-0.06,1.25,,,
16:14,179.85,0.15,1.42,,,
16:14,180.01,-0.13,1.36,,,
16:14,180.18,-0.6,1.06,,,
16:14,180.34,-0.21,1.28,,,
16:14,180.51,-0.48,1.17,,,
16:14,180.67,-0.88,0.89,,,
16:14,180.84,-0.83,0.99,,,
16:14,181,-0.74,1.09,,,
16:14,181.17,-0.96,0.83,,,
16:14,181.33,-1.19,0.56,,,
16:14,181.5,-0.89,0.71,,,
16:14,181.66,-0.92,0.72,,,
16:14,181.83,-1.14,0.6,,,
16:14,181.99,-1.06,0.63,,,
16:14,182.16,-0.84,0.73,,,
16:14,182.32,-1.06,0.76,,,
16:14,182.49,-1.08,0.78,,,
16:14,182.65,-0.64,1.08,,,
16:14,182.82,-0.72,1.04,,,
16:14,182.98,-0.9,0.99,,,
16:14,183.15,-0.51,1.31,,,
16:14,183.31,-0.55,1.45,,,
16:14,183.48,-0.76,1.37,,,
16:14,183.64,-0.48,1.51,,,
16:14,183.81,-0.45,1.62,,,
16:14,183.97,-0.61,1.56,,,
16:14,184.14,-0.35,1.83,,,
16:14,184.3,-0.31,2.02,,,
16:14,184.47,-0.55,1.85,,,
16:14,184.63,-0.34,1.95,,,
16:14,184.8,-0.11,2.16,,,
16:14,184.96,-0.36,2.06,,,
16:14,185.13,-0.22,2.11,,,
16:14,185.29,-0.21,2.05,,,
16:14,185.46,-0.58,1.86,,,
16:14,185.62,-0.49,1.95,,,
16:14,185.79,-0.41,2.03,,,
16:14,185.95,-0.65,1.9,,,
16:14,186.12,-0.4,2.11,,,
16:14,186.28,-0.44,2.15,,,
16:14,186.45,-0.58,2.01,,,
16:14,186.61,-0.25,2.11,,,
16:14,186.78,-0.22,2.13,,,
16:14,186.94,-0.24,2.31,,,
16:14,187.11,0.09,2.73,,,
16:14,187.27,-0.05,2.7,,,
16:14,187.44,0.02,2.67,,,
16:14,187.6,0.33,2.87,,,
16:14,187.77,0.06,2.83,,,
16:14,187.93,0.08,2.88,,,
16:14,188.1,0.28,3.11,,,
16:14,188.26,0.15,3,,,
16:14,188.43,0.18,2.95,,,
16:14,188.59,0.41,3.16,,,
16:14,188.76,0.27,3.07,,,
16:15,188.92,0.55,3.01,,,
16:15,189.09,0.78,2.96,,,
16:15,189.25,0.67,2.75,,,
16:15,189.42,1.21,2.54,,,
16:15,189.58,1.55,2.68,,,
16:15,189.75,1.24,2.46,,,
16:15,189.91,1.13,2.23,,,
16:15,190.08,1.03,2.38,,,
16:15,190.24,0.69,2.03,,,
16:15,190.41,0.62,2.06,,,
16:15,190.57,0.99,2.15,,,
16:15,190.74,0.83,1.72,,,
16:15,190.9,0.96,1.48,,,
16:15,191.07,1.23,1.44,,,
16:15,191.23,1.04,1.19,,,
16:15,191.4,1.39,1.18,,,
16:15,191.56,1.55,1.08,,,
16:15,191.73,1.3,0.87,,,
16:15,191.89,1.65,1,,,
16:15,192.06,1.61,0.92,,,
16:15,192.22,1.34,0.95,,,
16:15,192.39,1.64,1.14,,,
16:15,192.55,1.49,1.05,,,
16:15,192.72,1.14,1.15,,,
16:15,192.88,1,1.84,,,
16:15,193.05,0.63,1.92,,,
16:15,193.21,0.53,1.85,,,
16:15,193.38,0.59,1.97,,,
16:15,193.54,0.37,1.88,,,
16:15,193.71,0.5,2,,,
16:15,193.87,0.52,1.99,,,
16:15,194.04,0.41,1.92,,,
16:15,194.2,0.7,2.25,,,
16:15,194.37,0.52,2.25,,,
16:15,194.53,0.47,2.1,,,
16:15,194.7,0.61,2.25,,,
16:15,194.86,0.47,1.95,,,
16:15,195.03,0.65,1.95,,,
16:15,195.19,0.89,1.95,,,
16:15,195.36,0.68,1.61,,,
16:15,195.52,0.94,1.46,,,
16:15,195.69,1.12,1.3,,,
16:15,195.85,0.91,1.01,,,
16:15,196.02,0.97,1.4,,,
16:15,196.18,1.04,1.26,,,
16:15,196.35,0.83,0.98,,,
16:15,196.51,0.97,0.85,,,
16:15,196.68,1.08,0.8,,,
16:15,196.84,0.55,0.78,,,
16:15,197.01,0.81,0.43,,,
16:15,197.17,1.38,0.22,,,
16:15,197.34,1.45,0.09,,,
16:15,197.5,1.95,0,,,
16:15,197.67,1.91,-0.23,,,
16:15,197.83,1.93,-0.33,,,
16:15,198,2.33,-0.09,,,
16:15,198.16,2.18,0.09,,,
16:15,198.33,2.08,0.48,,,
16:15,198.49,2.3,0.45,,,
16:15,198.66,1.89,-0.02,,,
16:15,198.82,1.46,-0.2,,,
16:15,198.99,1.73,0.18,,,
16:15,199.15,2,0.27,,,
16:15,199.32,2.45,0.33,,,
16:15,199.48,3.03,0.66,,,
16:15,199.65,3.01,0.48,,,
16:15,199.81,3.05,0.32,,,
16:15,199.98,3.34,0.45,,,
16:15,200.14,3.19,0.2,,,
16:15,200.31,2.85,0.21,,,
16:15,200.47,2.6,0.54,,,
16:15,200.64,2.15,0.43,,,
16:15,200.8,2.12,0.49,,,
16:15,200.97,2.58,0.61,,,
16:15,201.13,2.41,0.48,,,
16:15,201.3,2.71,0.68,,,
16:15,201.46,2.5,0.78,,,
16:15,201.63,1.55,0.64,,,
16:15,201.79,1.53,0.33,,,
16:15,201.96,-1.6,-0.81,,,
16:15,202.12,-0.51,-0.15,,,
16:15,202.29,-0.13,1.28,,,
16:15,202.45,-0.16,1.5,,,
16:15,202.62,0.01,2.02,,,
16:15,202.78,0.04,2.27,,,
16:15,202.95,-0.21,2.14,,,
16:15,203.11,0.24,2.43,,,
16:15,203.28,0.31,2.36,,,
16:15,203.44,0.2,2.15,,,
16:15,203.61,0.66,2.05,,,
16:15,203.77,0.76,1.5,,,
16:15,203.94,0.73,1.11,,,
16:15,204.1,0.78,1.19,,,
16:15,204.27,0.47,1.15,,,
16:15,204.43,0.66,1.33,,,
16:15,204.6,0.61,1.27,,,
16:15,204.76,0.56,0.93,,,
16:15,204.93,0.86,1.13,,,
16:15,205.09,0.88,1.19,,,
16:15,205.26,0.74,1.38,,,
16:15,205.42,0.73,1.95,,,
16:15,205.59,0.33,1.75,,,
16:15,205.75,0.27,1.85,,,
16:15,205.92,0.58,2.02,,,
16:15,206.08,0.34,1.66,,,
16:15,206.25,0.56,1.6,,,
16:15,206.41,0.65,1.59,,,
16:15,206.58,0.32,1.31,,,
16:15,206.74,0.56,1.45,,,
16:15,206.91,0.57,1.39,,,
16:15,207.07,0.42,1.03,,,
16:15,207.24,0.85,1.21,,,
16:15,207.4,0.83,1.08,,,
16:15,207.57,0.67,0.92,,,
16:15,207.73,0.89,1.28,,,
16:15,207.9,0.66,1.22,,,
16:15,208.06,0.29,1.07,,,
16:15,208.23,0.76,1.38,,,
16:15,208.39,0.73,1.37,,,
16:15,208.56,0.57,1.05,,,
16:15,208.72,0.97,1.46,,,
16:15,208.89,0.92,1.53,,,
16:15,209.05,0.71,1.43,,,
16:15,209.22,0.97,1.73,,,
16:15,209.38,1,1.72,,,
16:15,209.55,0.9,1.68,,,
16:15,209.71,1.27,2.02,,,
16:15,209.88,1.1,1.99,,,
16:15,210.04,1.07,2.02,,,
16:15,210.21,1.36,2.26,,,
16:15,210.37,1.04,2.08,,,
16:15,210.54,1.24,2.17,,,
16:15,210.7,1.26,2.27,,,
16:15,210.87,0.89,2.13,,,
16:15,211.03,1.21,2.32,,,
16:15,211.2,1.15,2.38,,,
16:15,211.36,0.92,2.21,,,
16:15,211.53,1.19,2.47,,,
16:15,211.69,1.08,2.37,,,
16:15,211.86,0.95,2.25,,,
16:15,212.02,1.24,2.48,,,
16:15,212.19,0.96,2.38,,,
16:15,212.35,1,2.37,,,
16:15,212.52,1.31,2.51,,,
16:15,212.68,0.96,2.3,,,
16:15,212.85,1.29,2.38,,,
16:15,213.01,1.42,2.35,,,
16:15,213.18,1.06,2.14,,,
16:15,213.34,1.22,2.35,,,
16:15,213.51,0.91,2.26,,,
16:15,213.67,0.67,2.06,,,
16:15,213.84,0.91,2.28,,,
16:15,214,0.86,2.17,,,
16:15,214.17,0.89,2.17,,,
16:15,214.33,1.25,2.46,,,
16:15,214.5,1.01,2.34,,,
16:15,214.66,1.09,2.36,,,
16:15,214.83,1.4,2.54,,,
16:15,214.99,1.13,2.39,,,
16:15,215.16,1.41,2.48,,,
16:15,215.32,1.42,2.49,,,
16:15,215.49,1.09,2.36,,,
16:15,215.65,1.42,2.58,,,
16:15,215.82,1.23,2.5,,,
16:15,215.98,1.1,2.37,,,
16:15,216.15,1.4,2.57,,,
16:15,216.31,1.11,2.28,,,
16:15,216.48,1.11,2.31,,,
16:15,216.64,1.25,2.51,,,
16:15,216.81,0.97,2.32,,,
16:15,216.97,1.19,2.45,,,
16:15,217.14,1.38,2.49,,,
16:15,217.3,1.2,2.33,,,
16:15,217.47,1.64,2.49,,,
16:15,217.63,1.55,2.5,,,
16:15,217.8,1.38,2.44,,,
16:15,217.96,1.64,2.68,,,
16:15,218.13,1.37,2.51,,,
16:15,218.29,1.47,2.57,,,
16:15,218.46,1.69,2.67,,,
16:15,218.62,1.38,2.46,,,
16:15,218.79,1.64,2.68,,,
16:15,218.95,1.59,2.69,,,
16:15,219.12,1.36,2.56,,,
16:15,219.28,1.68,2.75,,,
16:15,219.45,1.5,2.7,,,
16:15,219.61,1.59,2.67,,,
16:15,219.78,1.81,2.83,,,
16:15,219.94,1.56,2.65,,,
16:15,220.11,1.86,2.8,,,
16:15,220.27,1.67,2.74,,,
16:15,220.44,1.62,2.7,,,
16:15,220.6,1.91,2.87,,,
16:15,220.77,1.55,2.66,,,
16:15,220.93,1.78,2.75,,,
16:15,221.1,1.76,2.8,,,
16:15,221.26,1.59,2.71,,,
16:15,221.43,1.86,2.94,,,
16:15,221.59,1.72,2.87,,,
16:15,221.76,1.76,2.93,,,
16:15,221.92,1.7,3.05,,,
16:15,222.09,1.49,2.86,,,
16:15,222.25,1.69,3.01,,,
16:15,222.42,1.65,2.84,,,
16:15,222.58,1.59,2.6,,,
16:15,222.75,1.71,2.69,,,
16:15,222.91,1.44,2.58,,,
16:15,223.08,1.56,2.72,,,
16:15,223.24,1.56,2.76,,,
16:15,223.41,1.42,2.61,,,
16:15,223.57,1.89,2.76,,,
16:15,223.74,1.84,2.68,,,
16:15,223.9,1.78,2.59,,,
16:15,224.07,2.06,2.88,,,
16:15,224.23,1.8,2.76,,,
16:15,224.4,1.83,2.78,,,
16:15,224.56,2.08,2.91,,,
16:15,224.73,1.88,2.68,,,
16:15,224.89,1.98,2.72,,,
16:15,225.06,2.03,2.79,,,
16:15,225.22,1.82,2.63,,,
16:15,225.39,2.02,2.79,,,
16:15,225.55,2.01,2.72,,,
16:15,225.72,1.76,2.59,,,
16:15,225.88,2.04,2.9,,,
16:15,226.05,1.93,2.88,,,
16:15,226.21,1.64,2.71,,,
16:15,226.38,1.84,2.77,,,
16:15,226.54,1.63,2.57,,,
16:15,226.71,1.53,2.49,,,
16:15,226.87,1.63,2.72,,,
16:15,227.04,1.44,2.51,,,
16:15,227.2,1.53,2.52,,,
16:15,227.37,1.68,2.66,,,
16:15,227.53,1.31,2.63,,,
16:15,227.7,1.53,2.85,,,
16:15,227.86,1.53,2.9,,,
16:15,228.03,1.32,2.61,,,
16:15,228.19,1.67,2.77,,,
16:15,228.36,1.61,2.7,,,
16:15,228.52,1.45,2.63,,,
16:15,228.69,1.67,2.8,,,
16:15,228.85,1.45,2.64,,,
16:15,229.02,1.32,2.55,,,
16:15,229.18,1.56,2.71,,,
16:15,229.35,1.33,2.5,,,
16:15,229.51,1.38,2.58,,,
16:15,229.68,1.54,2.66,,,
16:15,229.84,1.3,2.45,,,
16:15,230.01,1.55,2.59,,,
16:15,230.17,1.54,2.63,,,
16:15,230.34,1.29,2.65,,,
16:15,230.5,1.6,2.87,,,
16:15,230.67,1.46,2.7,,,
16:15,230.83,1.55,2.7,,,
16:15,231,1.68,2.83,,,
16:15,231.16,1.59,2.68,,,
16:15,231.33,1.96,2.81,,,
16:15,231.49,1.7,2.59,,,
16:15,231.66,1.45,2.49,,,
16:15,231.82,1.54,2.8,,,
16:15,231.99,1.51,2.64,,,
16:15,232.15,1.48,2.44,,,
16:15,232.32,1.65,2.5,,,
16:15,232.48,1.25,2.32,,,
16:15,232.65,1.46,2.32,,,
16:15,232.81,1.48,2.23,,,
16:15,232.98,1.09,1.96,,,
16:15,233.14,1.43,2.12,,,
16:15,233.31,1.23,2.02,,,
16:15,233.47,1.09,1.88,,,
16:15,233.64,1.4,2.25,,,
16:15,233.8,1.21,2.18,,,
16:15,233.97,1.27,2.14,,,
16:15,234.13,1.58,2.35,,,
16:15,234.3,1.32,2.15,,,
16:15,234.46,1.41,2.25,,,
16:15,234.63,1.68,2.47,,,
16:15,234.79,1.49,2.26,,,
16:15,234.96,1.83,2.34,,,
16:15,235.12,1.9,2.35,,,
16:15,235.29,1.5,2.2,,,
16:15,235.45,1.9,2.47,,,
16:15,235.62,1.83,2.47,,,
16:15,235.78,1.58,2.29,,,
16:15,235.95,2,2.55, EVNT5,Odor fo Father,stimulation start
16:15,236.11,1.89,2.52,,,
16:15,236.28,1.62,2.36,,,
16:15,236.44,1.99,2.59,,,
16:15,236.61,1.93,2.5,,,
16:15,236.77,1.72,2.38,,,
16:15,236.94,2.08,2.59,,,
16:15,237.1,1.88,2.48,,,
16:15,237.27,1.73,2.4,,,
16:15,237.43,2.08,2.58,,,
16:15,237.6,1.76,2.38,,,
16:15,237.76,1.65,2.27,,,
16:15,237.93,1.91,2.51,,,
16:15,238.09,1.61,2.44,,,
16:15,238.26,1.55,2.4,,,
16:15,238.42,1.86,2.67,,,
16:15,238.59,1.57,2.5,,,
16:15,238.75,1.54,2.49,,,
16:15,238.92,1.8,2.64,,,
16:15,239.08,1.48,2.38,,,
16:15,239.25,1.58,2.29,,,
16:15,239.41,1.72,2.39,,,
16:15,239.58,1.41,2.1,,,
16:15,239.74,1.6,2.19,,,
16:15,239.91,1.6,2.29,,,
16:15,240.07,1.31,2.05,,,
16:15,240.24,1.57,2.12,,,
16:15,240.4,1.63,2.14,,,
16:15,240.57,1.33,1.91,,,
16:15,240.73,1.56,2.07,,,
16:15,240.9,1.34,2,,,
16:15,241.06,0.85,1.8,,,
16:15,241.23,1.15,1.99,,,
16:15,241.39,0.95,1.91,,,
16:15,241.56,0.79,1.82,,,
16:15,241.72,1.03,2.04,,,
16:15,241.89,0.83,1.86,,,
16:15,242.05,0.91,1.95,,,
16:15,242.22,1,2.03,,,
16:15,242.38,0.81,1.87,,,
16:15,242.55,1.05,2.09,,,
16:15,242.71,0.96,2.15,,,
16:15,242.88,0.78,2.04,,,
16:15,243.04,1.09,2.33,,,
16:15,243.21,0.88,2.37,,,
16:15,243.37,0.81,2.62,,,
16:15,243.54,0.96,2.96,,,
16:15,243.7,0.77,3,,,
16:15,243.87,1.11,3.25,,,
16:15,244.03,1.12,3.11,,,
16:15,244.2,1.12,3.07,,,
16:15,244.36,1.49,3.34,,,
16:15,244.53,1.3,3.02,,,
16:15,244.69,1.55,2.81,,,
16:15,244.86,1.51,2.97,,,
16:15,245.02,1.14,2.83,,,
16:15,245.19,1.48,2.99,,,
16:15,245.35,1.33,2.94,,,
16:15,245.52,1.17,2.76,,,
16:15,245.68,1.52,2.95,,,
16:15,245.85,1.58,2.7,,,
16:15,246.01,1.96,2.74,,,
16:15,246.18,1.98,2.88,,,
16:15,246.34,1.5,2.53,,,
16:15,246.51,1.56,2.66,,,
16:15,246.67,1.73,2.72,,,
16:15,246.84,1.48,2.5,,,
16:15,247,1.65,2.81,,,
16:15,247.17,1.52,2.89,,,
16:15,247.33,1.24,2.76,,,
16:15,247.5,1.46,3.08,,,
16:15,247.66,1.07,2.91,,,
16:15,247.83,0.94,2.83,,,
16:15,247.99,1.1,2.97,,,
16:15,248.16,0.92,2.69,,,
16:15,248.32,1.05,2.72,,,
16:15,248.49,1.22,2.79,,,
16:15,248.65,0.98,2.67,,,
16:15,248.82,1.41,2.98,,,
16:16,248.98,1.51,2.98,,,
16:16,249.15,1.44,2.86,,,
16:16,249.31,1.56,3,,,
16:16,249.48,1.42,2.82,,,
16:16,249.64,1.4,3.02,,,
16:16,249.81,1.42,3.27,,,
16:16,249.97,0.64,3.3,,,
16:16,250.14,0.6,3.6,,,
16:16,250.3,0.69,3.97,,,
16:16,250.47,0.23,3.73,,,
16:16,250.63,0.57,3.75,,,
16:16,250.8,1.34,2.89,,,
16:16,250.96,1.62,3.34,,,
16:16,251.13,1.71,3.83,,,
16:16,251.29,1.43,3.74,,,
16:16,251.46,1.11,3.13,,,
16:16,251.62,1.28,2.98,,,
16:16,251.79,0.73,2.99,,,
16:16,251.95,0.27,3.47,,,
16:16,252.12,0.48,3.9,,,
16:16,252.28,0.32,3.71,,,
16:16,252.45,0.36,3.36,,,
16:16,252.61,0.88,3.58,,,
16:16,252.78,0.91,3.33,,,
16:16,252.94,0.71,3.27,,,
16:16,253.11,1.18,3.43,,,
16:16,253.27,0.99,2.99,,,
16:16,253.44,0.81,2.56,,,
16:16,253.6,1.21,2.63,,,
16:16,253.77,0.97,2.43,,,
16:16,253.93,0.67,2.26,,,
16:16,254.1,0.83,2.56,,,
16:16,254.26,0.61,2.29,,,
16:16,254.43,0.49,2.12,,,
16:16,254.59,0.76,2.3,,,
16:16,254.76,0.29,2.1,,,
16:16,254.92,-0.02,1.95,,,
16:16,255.09,0.21,2.13,,,
16:16,255.25,-0.04,1.9,,,
16:16,255.42,-0.13,1.79,,,
16:16,255.58,0.11,1.98,,,
16:16,255.75,-0.15,1.82,,,
16:16,255.91,-0.21,1.76,,,
16:16,256.08,0.09,1.93,,,
16:16,256.24,-0.14,1.69,,,
16:16,256.41,-0.16,1.6,,,
16:16,256.57,0.22,1.8,,,
16:16,256.74,-0.14,1.56,,,
16:16,256.9,-0.21,1.39,,,
16:16,257.07,0.16,1.63,,,
16:16,257.23,-0.01,1.45,,,
16:16,257.4,-0.12,1.36,,,
16:16,257.56,0.2,1.66,,,
16:16,257.73,-0.01,1.55,,,
16:16,257.89,-0.08,1.51,,,
16:16,258.06,0.21,1.82,,,
16:16,258.22,-0.04,1.74,,,
16:16,258.39,-0.23,1.71,,,
16:16,258.55,0.23,2.04,,,
16:16,258.72,0.11,1.98,,,
16:16,258.88,0.02,1.81,,,
16:16,259.05,0.43,2.03,,,
16:16,259.21,0.33,1.9,,,
16:16,259.38,0.23,1.59,,,
16:16,259.54,0.8,1.55,,,
16:16,259.71,0.93,0.97,,,
16:16,259.87,0.81,0.28,,,
16:16,260.04,1.1,0.32,,,
16:16,260.2,1.08,0.59,,,
16:16,260.37,0.83,0.69,,,
16:16,260.53,1.11,1.02,,,
16:16,260.7,1.22,1.29,,,
16:16,260.86,1.14,1.2,,,
16:16,261.03,1.3,1.54,,,
16:16,261.19,1.25,1.82,,,
16:16,261.36,1.2,1.57,,,
16:16,261.52,1.39,1.86,,,
16:16,261.69,1.33,1.84,,,
16:16,261.85,1.08,2.02,,,
16:16,262.02,1.09,3.05,,,
16:16,262.18,1.23,3.29,,,
16:16,262.35,1.06,3.01,,,
16:16,262.51,1.41,3.24,,,
16:16,262.68,1.41,3.34,,,
16:16,262.84,1.15,3.32,,,
16:16,263.01,1.44,3.73,,,
16:16,263.17,1.17,3.64,,,
16:16,263.34,1.06,3.52,,,
16:16,263.5,1.55,3.69,,,
16:16,263.67,1.41,3.59,,,
16:16,263.83,1.4,3.51,,,
16:16,264,1.57,3.86,,,
16:16,264.16,1.41,3.77,,,
16:16,264.33,1.4,3.87,,,
16:16,264.49,1.53,4.09,,,
16:16,264.66,1.39,4,,,
16:16,264.82,1.3,4.13,,,
16:16,264.99,1.49,4.38,,,
16:16,265.15,1.26,4.13,,,
16:16,265.32,1.12,3.98,,,
16:16,265.48,1.31,4.05,,,
16:16,265.65,0.81,3.91,,,
16:16,265.81,0.93,4.17,,,
16:16,265.98,0.91,4.27,,,
16:16,266.14,0.7,4.02,,,
16:16,266.31,1.16,4.11,,,
16:16,266.47,1.12,4.02,,,
16:16,266.64,0.94,3.96,,,
16:16,266.8,1.26,4.17,,,
16:16,266.97,1.01,3.96,,,
16:16,267.13,0.93,3.98,,,
16:16,267.3,1.22,4.14,,,
16:16,267.46,0.97,3.97,,,
16:16,267.63,1.23,4.1, EVNT6,Odor fo Father,stimulation stop
16:16,267.79,1.19,4.06,,,
16:16,267.96,0.93,3.84,,,
16:16,268.12,1.32,4.03,,,
16:16,268.29,0.99,3.98,,,
16:16,268.45,0.87,3.81,,,
16:16,268.62,1.29,4,,,
16:16,268.78,1.1,3.85,,,
16:16,268.95,1.17,3.67,,,
16:16,269.11,1.35,3.57,,,
16:16,269.28,0.97,3.38,,,
16:16,269.44,1.04,3.5,,,
16:16,269.61,1.08,3.48,,,
16:16,269.77,0.74,3.29,,,
16:16,269.94,1.04,3.43,,,
16:16,270.1,0.94,3.35,,,
16:16,270.27,0.8,3.3,,,
16:16,270.43,1.09,3.44,,,
16:16,270.6,0.77,3.37,,,
16:16,270.76,0.93,3.51,,,
16:16,270.93,0.96,3.54,,,
16:16,271.09,0.72,3.4,,,
16:16,271.26,1.05,3.61,,,
16:16,271.42,0.96,3.44,,,
16:16,271.59,0.86,3.31,,,
16:16,271.75,1.1,3.47,,,
16:16,271.92,0.9,3.39,,,
16:16,272.08,0.96,3.51,,,
16:16,272.25,1.04,3.6,,,
16:16,272.41,0.79,3.41,,,
16:16,272.58,1.05,3.58,,,
16:16,272.74,1.08,3.53,,,
16:16,272.91,0.8,3.37,,,
16:16,273.07,1.15,3.52,,,
16:16,273.24,1.02,3.38,,,
16:16,273.4,0.83,3.15,,,
16:16,273.57,1.16,3.38,,,
16:16,273.73,0.95,3.17,,,
16:16,273.9,1.03,3.21,,,
16:16,274.06,1.21,3.43,,,
16:16,274.23,0.92,3.22,,,
16:16,274.39,1.13,3.42,,,
16:16,274.56,1.04,3.51,,,
16:16,274.72,0.86,3.54,,,
16:16,274.89,1.16,3.75,,,
16:16,275.05,1.01,3.61,,,
16:16,275.22,0.94,3.58,,,
16:16,275.38,1.3,3.75,,,
16:16,275.55,0.98,3.62,,,
16:16,275.71,1.26,3.56,,,
16:16,275.88,1.36,3.49,,,
16:16,276.04,1.03,3.26,,,
16:16,276.21,1.33,3.38,,,
16:16,276.37,1.08,3.24,,,
16:16,276.54,1.04,3.23,,,
16:16,276.7,1.31,3.5,,,
16:16,276.87,1.02,3.41,,,
16:16,277.03,1.25,3.52,,,
16:16,277.2,1.23,3.48,,,
16:16,277.36,0.91,3.27,,,
16:16,277.53,1.11,3.38,,,
16:16,277.69,1.08,3.34,,,
16:16,277.86,0.92,3.21,,,
16:16,278.02,1.29,3.35,,,
16:16,278.19,1.11,3.32,,,
16:16,278.35,1,3.29,,,
16:16,278.52,1.19,3.52,,,
16:16,278.68,0.94,3.34,,,
16:16,278.85,1.04,3.32,,,
16:16,279.01,1.21,3.39,,,
16:16,279.18,1.07,3.21,,,
16:16,279.34,1.36,3.55,,,
16:16,279.51,1.25,3.68,,,
16:16,279.67,1.14,3.59,,,
16:16,279.84,1.58,3.76,,,
16:16,280,1.56,3.6,,,
16:16,280.17,1.55,3.7,,,
16:16,280.33,1.69,3.87,,,
16:16,280.5,1.38,3.71,,,
16:16,280.66,1.71,3.87,,,
16:16,280.83,1.66,4,,,
16:16,280.99,1.58,3.92,,,
16:16,281.16,1.81,4.1,,,
16:16,281.32,1.64,3.88,,,
16:16,281.49,1.92,4.05,,,
16:16,281.65,1.94,4.11,,,
16:16,281.82,1.64,4.09,,,
16:16,281.98,1.98,4.28,,,
16:16,282.15,1.74,4.22,,,
16:16,282.31,1.74,4.22,,,
16:16,282.48,1.94,4.4,,,
16:16,282.64,1.66,4.23,,,
16:16,282.81,1.84,4.3,,,
16:16,282.97,1.96,4.46,,,
16:16,283.14,1.62,4.33,,,
16:16,283.3,1.64,4.34,,,
16:16,283.47,1.56,4.24,,,
16:16,283.63,1.5,4.13,,,
16:16,283.8,1.86,4.31,,,
16:16,283.96,1.65,4.15,,,
16:16,284.13,1.57,4.05,,,
16:16,284.29,1.7,4.1,,,
16:16,284.46,1.32,3.89,,,
16:16,284.62,1.4,4.01,,,
16:16,284.79,1.59,4.18,,,
16:16,284.95,1.37,4.08,,,
16:16,285.12,1.69,4.14,,,
16:16,285.28,1.72,3.97,,,
16:16,285.45,1.46,3.69,,,
16:16,285.61,1.75,3.9,,,
16:16,285.78,1.83,3.78,,,
16:16,285.94,1.64,3.67,,,
16:16,286.11,1.96,3.72,,,
16:16,286.27,1.66,3.52,,,
16:16,286.44,1.51,3.45,,,
16:16,286.6,1.67,3.66,,,
16:16,286.77,1.48,3.43,,,
16:16,286.93,1.57,3.42,,,
16:16,287.1,1.67,3.72,,,
16:16,287.26,1.16,3.66,,,
16:16,287.43,0.78,3.79,,,
16:16,287.59,0.83,4.07,,,
16:16,287.76,0.51,3.38,,,
16:16,287.92,0.81,3.71,,,
16:16,288.09,1.02,3.81,,,
16:16,288.25,0.8,3.49,,,
16:16,288.42,1.18,3.44,,,
16:16,288.58,0.99,3.49,,,
16:16,288.75,0.61,3.41,,,
16:16,288.91,1.01,3.76,,,
16:16,289.08,0.97,3.75,,,
16:16,289.24,0.87,3.64,,,
16:16,289.41,1.35,3.86,,,
16:16,289.57,1.31,3.8,,,
16:16,289.74,1.13,3.64,,,
16:16,289.9,1.42,3.66,,,
16:16,290.07,1.09,3.49,,,
16:16,290.23,0.76,3.48,,,
16:16,290.4,0.91,3.63,,,
16:16,290.56,0.63,3.45,,,
16:16,290.73,0.84,3.54,,,
16:16,290.89,0.94,3.66,,,
16:16,291.06,0.66,3.6,,,
16:16,291.22,0.98,3.93,,,
16:16,291.39,0.99,4.1,,,
16:16,291.55,0.71,4,,,
16:16,291.72,1.07,4.05,,,
16:16,291.88,0.97,3.95,,,
16:16,292.05,0.9,3.91,,,
16:16,292.21,1.19,4.06,,,
16:16,292.38,0.92,3.88,,,
16:16,292.54,1.1,3.85,,,
16:16,292.71,1.18,3.97,,,
16:16,292.87,0.97,3.86,,,
16:16,293.04,1.35,4.11,,,
16:16,293.2,1.15,4.05,,,
16:16,293.37,1.21,4.05,,,
16:16,293.53,1.45,4.23,,,
16:16,293.7,1.16,4.1,,,
16:16,293.86,1.4,4.29,,,
16:16,294.03,1.36,4.29,,,
16:16,294.19,1.22,4.07,,,
16:16,294.36,1.49,4.26,,,
16:16,294.52,1.36,4.22,,,
16:16,294.69,1.4,4.24,,,
16:16,294.85,1.64,4.39,,,
16:16,295.02,1.37,4.2,,,
16:16,295.18,1.63,4.29,,,
16:16,295.35,1.68,4.28,,,
16:16,295.51,1.71,4.27,,,
16:16,295.68,2.18,4.61,,,
16:16,295.84,2.04,4.46,,,
16:16,296.01,2.17,4.55,,,
16:16,296.17,2.36,4.84,,,
16:16,296.34,2.31,4.84,,,
16:16,296.5,2.59,5.08,,,
16:16,296.67,2.58,5.26,,,
16:16,296.83,2.63,5.33,,,
16:16,297,2.84,5.6,,,
16:16,297.16,2.68,5.48,,,
16:16,297.33,2.76,5.61,,,
16:16,297.49,3.02,5.6,,,
16:16,297.66,2.71,5.14,,,
16:16,297.82,2.47,5.14,,,
16:16,297.99,1.77,4.63,,,
16:16,298.15,1.6,4.54,,,
16:16,298.32,1.88,4.6,,,
16:16,298.48,1.71,4.3,,,
16:16,298.65,1.64,4.24,,,
16:16,298.81,1.75,4.46,,,
16:16,298.98,1.49,4.31,,,
16:16,299.14,1.63,4.42,,,
16:16,299.31,1.67,4.35,,,
16:16,299.47,1.43,4.04,,,
16:16,299.64,1.73,4.05,,,
16:16,299.8,1.68,3.94,,,
16:16,299.97,1.33,3.76,,,
16:16,300.13,1.59,3.98,,,
16:16,300.3,1.41,3.83,,,
16:16,300.46,1.21,3.8,,,
16:16,300.63,1.53,4.03,,,
16:16,300.79,1.32,3.92,,,
16:16,300.96,1.32,3.97,,,
16:16,301.12,1.62,4.08,,,
16:16,301.29,1.27,3.87,,,
16:16,301.45,1.27,3.81,,,
16:16,301.62,1.39,4.05,,,
16:16,301.78,1.15,3.95,,,
16:16,301.95,1.48,4.19,,,
16:16,302.11,1.46,4.01,,,
16:16,302.28,1.18,3.79,,,
16:16,302.44,1.39,3.96,,,
16:16,302.61,1.16,3.94,,,
16:16,302.77,1.06,3.95,,,
16:16,302.94,1.57,4.29,,,
16:16,303.1,1.42,4.31,,,
16:16,303.27,1.5,4.36,,,
16:16,303.43,1.76,4.58,,,
16:16,303.6,1.57,4.32,,,
16:16,303.76,1.64,4.41,,,
16:16,303.93,1.65,4.51,,,
16:16,304.09,1.45,4.43,,,
16:16,304.26,1.66,4.56,,,
16:16,304.42,1.57,4.61,,,
16:16,304.59,1.34,4.37,,,
16:16,304.75,1.57,4.58,,,
16:16,304.92,1.55,4.62,,,
16:16,305.08,1.45,4.58,,,
16:16,305.25,1.75,4.82,,,
16:16,305.41,1.9,4.82,,,
16:16,305.58,1.93,4.77,,,
16:16,305.74,2.17,4.91,,,
16:16,305.91,1.88,4.72,,,
16:16,306.07,2.12,4.8,,,
16:16,306.24,2.2,4.93,,,
16:16,306.4,2,4.81,,,
16:16,306.57,2.26,4.93,,,
16:16,306.73,2.2,4.89,,,
16:16,306.9,2.01,4.69,,,
16:16,307.06,2.27,4.85,,,
16:16,307.23,2.26,4.84,,,
16:16,307.39,2.1,4.85,,,
16:16,307.56,2.4,5.01,,,
16:16,307.72,2.19,4.9,,,
16:16,307.89,2.17,4.85,,,
16:16,308.05,2.32,4.89,,,
16:16,308.22,2.08,4.73,,,
16:16,308.38,2.21,4.74,,,
16:16,308.55,2.27,4.78,,,
16:16,308.71,2.08,4.69,,,
16:16,308.88,2.32,4.82,,,
16:17,309.04,2.2,4.83,,,
16:17,309.21,2.14,4.71,,,
16:17,309.37,2.35,4.84,,,
16:17,309.54,2.19,4.73,,,
16:17,309.7,2.2,4.68,,,
16:17,309.87,2.32,4.8,,,
16:17,310.03,2.11,4.66,,,
16:17,310.2,2.23,4.81,,,
16:17,310.36,2.29,4.88,,,
16:17,310.53,2.09,4.73,,,
16:17,310.69,2.36,4.85,,,
16:17,310.86,2.29,4.85,,,
16:17,311.02,2.17,4.73,,,
16:17,311.19,2.37,4.93,,,
16:17,311.35,2.29,4.93,,,
16:17,311.52,2.19,4.84,,,
16:17,311.68,2.43,4.85,,,
16:17,311.85,2.26,4.67,,,
16:17,312.01,2.15,4.58,,,
16:17,312.18,2.45,4.8,,,
16:17,312.34,2.31,4.65,,,
16:17,312.51,2.36,4.67,,,
16:17,312.67,2.45,4.81,,,
16:17,312.84,2.2,4.66,,,
16:17,313,2.43,4.89,,,
16:17,313.17,2.46,4.91,,,
16:17,313.33,2.35,4.67,,,
16:17,313.5,2.52,4.95,,,
16:17,313.66,2.49,4.95,,,
16:17,313.83,2.34,4.94,,,
16:17,313.99,2.64,5.09,,,
16:17,314.16,2.48,4.95,,,
16:17,314.32,2.4,4.88,,,
16:17,314.49,2.68,5.06,,,
16:17,314.65,2.47,4.88,,,
16:17,314.82,2.45,4.8,,,
16:17,314.98,2.64,5,,,
16:17,315.15,2.27,4.87,,,
16:17,315.31,2.41,4.86,,,
16:17,315.48,2.52,4.85,,,
16:17,315.64,2.17,4.65,,,
16:17,315.81,2.4,4.76,,,
16:17,315.97,2.51,4.94,,,
16:17,316.14,2.2,4.68,,,
16:17,316.3,2.47,4.92,,,
16:17,316.47,2.53,4.98,,,
16:17,316.63,2.19,4.85,,,
16:17,316.8,2.6,5.08,,,
16:17,316.96,2.48,5.07,,,
16:17,317.13,2.17,4.91,,,
16:17,317.29,2.57,5.07,,,
16:17,317.46,2.21,5.01,,,
16:17,317.62,1.98,4.67,,,
16:17,317.79,2.48,4.7,,,
16:17,317.95,2.41,3.94,,,
16:17,318.12,1.93,3.86,,,
16:17,318.28,1.72,3.95,,,
16:17,318.45,1.24,4.01,,,
16:17,318.61,1.5,4.15,,,
16:17,318.78,2.47,4.17,,,
16:17,318.94,2.9,3.17,,,
16:17,319.11,3.16,3.69,,,
16:17,319.27,2.62,4.47,,,
16:17,319.44,2.46,4.5,,,
16:17,319.6,2.68,4.89,,,
16:17,319.77,2.98,4.78,,,
16:17,319.93,2.63,4.88,,,
16:17,320.1,2.7,5.09,,,
16:17,320.26,2.5,4.92,,,
16:17,320.43,2.69,4.88,,,
16:17,320.59,2.71,4.97,,,
16:17,320.76,2.28,4.8,,,
16:17,320.92,2.34,4.92,,,
16:17,321.09,1.98,4.83,,,
16:17,321.25,1.74,4.71,,,
16:17,321.42,2.3,5.15,,,
16:17,321.58,2.37,5.23,,,
16:17,321.75,2.43,5.11,,,
16:17,321.91,2.61,5.29,,,
16:17,322.08,2.3,5.23,,,
16:17,322.24,2.48,5.54,,,
16:17,322.41,2.64,5.67,,,
16:17,322.57,2.35,5.49,,,
16:17,322.74,2.54,5.67,,,
16:17,322.9,2.57,5.66,,,
16:17,323.07,2.41,5.15,,,
16:17,323.23,2.6,5.08,,,
16:17,323.4,2.49,5.18,,,
16:17,323.56,2.03,5.18,,,
16:17,323.73,2.37,5.37,,,
16:17,323.89,2.14,5.29,,,
16:17,324.06,2.17,5.18,,,
16:17,324.22,2.54,5.25,,,
16:17,324.39,2.44,5.06,,,
16:17,324.55,2.78,5.06,,,
16:17,324.72,3.32,5.08,,,
16:17,324.88,2.91,4.67,,,
16:17,325.05,2.65,4.55,,,
16:17,325.21,2.46,4.32,,,
16:17,325.38,1.9,4.2,,,
16:17,325.54,2.26,4.38,,,
16:17,325.71,2.35,4.5,,,
16:17,325.87,2.22,4.43,,,
16:17,326.04,2.47,4.73,,,
16:17,326.2,2.4,4.74,,,
16:17,326.37,2.27,4.65,,,
16:17,326.53,2.57,4.81,,,
16:17,326.7,2.47,4.62,,,
16:17,326.86,2.41,4.47,,,
16:17,327.03,2.67,4.68,,,
16:17,327.19,2.44,4.64,,,
16:17,327.36,2.39,4.54, EVNT7,control,stimulation start
16:17,327.52,2.64,4.82,,,
16:17,327.69,2.46,4.7,,,
16:17,327.85,2.41,4.63,,,
16:17,328.02,2.69,4.92,,,
16:17,328.18,2.51,4.79,,,
16:17,328.35,2.37,4.58,,,
16:17,328.51,2.63,4.91,,,
16:17,328.68,2.5,4.74,,,
16:17,328.84,2.3,4.83,,,
16:17,329.01,2.65,5.13,,,
16:17,329.17,2.65,5.19,,,
16:17,329.34,2.46,4.9,,,
16:17,329.5,2.74,4.98,,,
16:17,329.67,2.52,4.87,,,
16:17,329.83,2.24,4.6,,,
16:17,330,2.42,4.81,,,
16:17,330.16,2.38,4.9,,,
16:17,330.33,2.21,4.65,,,
16:17,330.49,2.35,4.82,,,
16:17,330.66,2.39,4.87,,,
16:17,330.82,2.21,4.87,,,
16:17,330.99,2.49,5.1,,,
16:17,331.15,2.42,4.88,,,
16:17,331.32,2.3,4.78,,,
16:17,331.48,2.52,5.12,,,
16:17,331.65,2.37,4.98,,,
16:17,331.81,2.36,4.83,,,
16:17,331.98,2.45,4.84,,,
16:17,332.14,2.32,4.73,,,
16:17,332.31,2.5,4.98,,,
16:17,332.47,2.57,5.08,,,
16:17,332.64,2.37,4.96,,,
16:17,332.8,2.51,5.01,,,
16:17,332.97,2.41,4.94,,,
16:17,333.13,2.42,4.11,,,
16:17,333.3,2.73,3.63,,,
16:17,333.46,2.27,3.96,,,
16:17,333.63,1.92,4.27,,,
16:17,333.79,1.78,4.46,,,
16:17,333.96,1.21,4.23,,,
16:17,334.12,1.41,4.18,,,
16:17,334.29,1.57,3.87,,,
16:17,334.45,1.32,3.53,,,
16:17,334.62,1.76,3.48,,,
16:17,334.78,1.79,3.23,,,
16:17,334.95,1.51,3.01,,,
16:17,335.11,1.87,3.2,,,
16:17,335.28,1.82,3.18,,,
16:17,335.44,1.56,3.06,,,
16:17,335.61,1.71,3.33,,,
16:17,335.77,1.28,3.17,,,
16:17,335.94,1.17,2.99,,,
16:17,336.1,1.55,3.17,,,
16:17,336.27,1.29,2.91,,,
16:17,336.43,1.41,2.75,,,
16:17,336.6,1.44,2.79,,,
16:17,336.76,1.09,2.5,,,
16:17,336.93,1.2,2.52,,,
16:17,337.09,1.31,2.58,,,
16:17,337.26,1.08,2.38,,,
16:17,337.42,1.22,2.5,,,
16:17,337.59,1.3,2.59,,,
16:17,337.75,0.98,2.38,,,
16:17,337.92,1.21,2.51,,,
16:17,338.08,1.32,2.61,,,
16:17,338.25,1.02,2.46,,,
16:17,338.41,1.18,2.66,,,
16:17,338.58,1.15,2.75,,,
16:17,338.74,0.87,2.68,,,
16:17,338.91,1.08,2.91,,,
16:17,339.07,1.2,2.96,,,
16:17,339.24,0.94,2.84,,,
16:17,339.4,1.2,3.11,,,
16:17,339.57,1.27,3.24,,,
16:17,339.73,0.99,3.06,,,
16:17,339.9,1.27,3,,,
16:17,340.06,1.35,3.34,,,
16:17,340.23,1.08,3.31,,,
16:17,340.39,1.3,3.62,,,
16:17,340.56,1.25,3.66,,,
16:17,340.72,0.89,3.09,,,
16:17,340.89,1.12,3.15,,,
16:17,341.05,1.18,3.25,,,
16:17,341.22,0.82,3.17,,,
16:17,341.38,1.19,3.38,,,
16:17,341.55,1.19,3.47,,,
16:17,341.71,0.99,3.4,,,
16:17,341.88,1.26,3.82,,,
16:17,342.04,1.21,3.94,,,
16:17,342.21,1.06,3.86,,,
16:17,342.37,1.33,4.08,,,
16:17,342.54,1.46,3.97,,,
16:17,342.7,1.82,3.42,,,
16:17,342.87,1.87,3.73,,,
16:17,343.03,1.39,3.62,,,
16:17,343.2,1.31,3.28,,,
16:17,343.36,1.4,3.4,,,
16:17,343.53,0.78,3.42,,,
16:17,343.69,0.65,3.52,,,
16:17,343.86,0.66,3.5,,,
16:17,344.02,0.36,3.16,,,
16:17,344.19,0.71,3.18,,,
16:17,344.35,0.8,3.22,,,
16:17,344.52,0.51,3.06,,,
16:17,344.68,0.75,3.24,,,
16:17,344.85,0.72,3.15,,,
16:17,345.01,0.48,2.96,,,
16:17,345.18,0.83,3.2,,,
16:17,345.34,0.71,3.17,,,
16:17,345.51,0.63,3.12,,,
16:17,345.67,0.88,3.26,,,
16:17,345.84,0.6,3.12,,,
16:17,346,0.71,3.19,,,
16:17,346.17,0.82,3.4,,,
16:17,346.33,0.53,3.4,,,
16:17,346.5,0.82,3.73,,,
16:17,346.66,0.97,3.61,,,
16:17,346.83,0.9,3.4,,,
16:17,346.99,1.21,3.7,,,
16:17,347.16,1.19,3.78,,,
16:17,347.32,1.18,3.93,,,
16:17,347.49,1.55,4.31,,,
16:17,347.65,1.34,4.34,,,
16:17,347.82,1.47,4.5,,,
16:17,347.98,1.64,4.8,,,
16:17,348.15,1.42,4.81,,,
16:17,348.31,1.67,5,,,
16:17,348.48,1.79,5.34,,,
16:17,348.64,1.62,5.25,,,
16:17,348.81,1.8,5.3,,,
16:17,348.97,1.82,5.3,,,
16:17,349.14,1.48,5.06,,,
16:17,349.3,1.6,4.97,,,
16:17,349.47,1.58,4.81,,,
16:17,349.63,1.28,4.57,,,
16:17,349.8,1.55,4.66,,,
16:17,349.96,1.44,4.62,,,
16:17,350.13,1.04,4.26,,,
16:17,350.29,1.03,4.16,,,
16:17,350.46,0.66,3.92,,,
16:17,350.62,0.53,3.89,,,
16:17,350.79,0.88,4.12,,,
16:17,350.95,0.69,3.71,,,
16:17,351.12,0.45,3.3,,,
16:17,351.28,0.63,3.49,,,
16:17,351.45,0.42,3.47,,,
16:17,351.61,0.43,3.47,,,
16:17,351.78,0.56,3.44,,,
16:17,351.94,0.19,3.28,,,
16:17,352.11,0.34,3.38,,,
16:17,352.27,0.26,3.38,,,
16:17,352.44,0.04,3.11,,,
16:17,352.6,0.32,2.93,,,
16:17,352.77,0.27,2.21,,,
16:17,352.93,0.09,1.81,,,
16:17,353.1,0.28,1.93,,,
16:17,353.26,0.12,1.97,,,
16:17,353.43,-0.31,1.77,,,
16:17,353.59,-0.01,2.1,,,
16:17,353.76,-0.13,2.12,,,
16:17,353.92,-0.35,2.01,,,
16:17,354.09,0.07,2.24,,,
16:17,354.25,-0.06,2.13,,,
16:17,354.42,-0.14,2.06,,,
16:17,354.58,0.21,2.18,,,
16:17,354.75,0.12,1.97,,,
16:17,354.91,-0.11,1.86,,,
16:17,355.08,0.28,2.08,,,
16:17,355.24,0.08,2.03,,,
16:17,355.41,0.04,2.08,,,
16:17,355.57,0.42,2.17,,,
16:17,355.74,0.29,1.89,,,
16:17,355.9,0.36,2.11,,,
16:17,356.07,0.73,2.46,,,
16:17,356.23,0.61,2.38,,,
16:17,356.4,0.79,2.58,,,
16:17,356.56,1.07,2.85,,,
16:17,356.73,0.95,2.51,,,
16:17,356.89,0.86,2.81,,,
16:17,357.06,1.04,3.48,,,
16:17,357.22,0.9,3.55,,,
16:17,357.39,0.97,3.75,,,
16:17,357.55,1.27,4,,,
16:17,357.72,1.18,3.98,,,
16:17,357.88,1.2,4.06,,,
16:17,358.05,1.45,4.56,,,
16:17,358.21,1.23,4.44,,,
16:17,358.38,1.17,4.45,,,
16:17,358.54,1.43,4.78,,,
16:17,358.71,1.19,4.64,,,
16:17,358.87,1.13,4.57,,,
16:17,359.04,1.44,4.95,,,
16:17,359.2,1.23,4.81,,,
16:17,359.37,1.42,4.75, EVNT8,control,stimulation stop
16:17,359.53,1.96,4.52,,,
16:17,359.7,1.75,4.12,,,
16:17,359.86,1.7,3.88,,,
16:17,360.03,1.96,3.9,,,
16:17,360.19,1.77,3.63,,,
16:17,360.36,1.68,3.67,,,
16:17,360.52,1.75,3.82,,,
16:17,360.69,1.39,3.66,,,
16:17,360.85,1.42,3.77,,,
16:17,361.02,1.14,3.86,,,
16:17,361.18,0.55,3.62,,,
16:17,361.35,0.81,3.86,,,
16:17,361.51,0.75,3.57,,,
16:17,361.68,0.58,3.36,,,
16:17,361.84,0.85,3.61,,,
16:17,362.01,0.55,3.49,,,
16:17,362.17,0.3,3.26,,,
16:17,362.34,0.64,3.51,,,
16:17,362.5,0.44,3.45,,,
16:17,362.67,0.37,3.51,,,
16:17,362.83,0.81,3.87,,,
16:17,363,0.69,3.79,,,
16:17,363.16,0.69,3.72,,,
16:17,363.33,0.89,3.81,,,
16:17,363.49,0.69,3.62,,,
16:17,363.66,0.97,3.69,,,
16:17,363.82,1.14,3.79,,,
16:17,363.99,0.95,3.64,,,
16:17,364.15,1.54,3.99,,,
16:17,364.32,1.6,3.95,,,
16:17,364.48,0.75,3.45,,,
16:17,364.65,0.76,3.45,,,
16:17,364.81,1.15,3.42,,,
16:17,364.98,0.99,3.58,,,
16:17,365.14,1.24,4.03,,,
16:17,365.31,1.51,3.99,,,
16:17,365.47,1.26,3.65,,,
16:17,365.64,1.7,3.8,,,
16:17,365.8,1.71,3.92,,,
16:17,365.97,1.36,3.99,,,
16:17,366.13,1.79,4.5,,,
16:17,366.3,1.92,4.58,,,
16:17,366.46,1.79,4.38,,,
16:17,366.63,2.02,4.38,,,
16:17,366.79,2.01,4.34,,,
16:17,366.96,1.9,4.3,,,
16:17,367.12,2.11,4.56,,,
16:17,367.29,1.84,4.55,,,
16:17,367.45,2.03,4.82,,,
16:17,367.62,2.61,4.91,,,
16:17,367.78,2.02,4.82,,,
16:17,367.95,1.92,5.23,,,
16:17,368.11,1.94,5.49,,,
16:17,368.28,1.64,5.44,,,
16:17,368.44,1.91,5.75,,,
16:17,368.61,2.02,5.72,,,
16:17,368.77,1.85,5.28,,,
16:17,368.94,2.02,5.01,,,
16:18,369.1,1.84,4.16,,,
16:18,369.27,1.63,3.51,,,
16:18,369.43,1.78,3.43,,,
16:18,369.6,1.6,3.41,,,
16:18,369.76,1.59,3.37,,,
16:18,369.93,1.73,3.49,,,
16:18,370.09,1.51,3.32,,,
16:18,370.26,1.64,3.17,,,
16:18,370.42,1.64,3.34,,,
16:18,370.59,1.6,3.22,,,
16:18,370.75,1.73,3.12,,,
16:18,370.92,1.7,2.83,,,
16:18,371.08,1.76,2.77,,,
16:18,371.25,1.97,2.78,,,
16:18,371.41,2.13,2.5,,,
16:18,371.58,2.71,2.55,,,
16:18,371.74,3.14,2.59,,,
16:18,371.91,3.32,2.53,,,
16:18,372.07,3.93,2.84,,,
16:18,372.24,4.18,2.99,,,
16:18,372.4,4.4,3.27,,,
16:18,372.57,4.46,3.55,,,
16:18,372.73,3.78,3.87,,,
16:18,372.9,3.68,4.23,,,
16:18,373.06,3.2,3.94,,,
16:18,373.23,2.94,3.65,,,
16:18,373.39,2.85,3.64,,,
16:18,373.56,2.47,3.46,,,
16:18,373.72,1.98,3.52,,,
16:18,373.89,2.15,3.59,,,
16:18,374.05,1.89,3.41,,,
16:18,374.22,1.97,3.52,,,
16:18,374.38,1.94,3.44,,,
16:18,374.55,1.76,3.07,,,
16:18,374.71,1.87,2.82,,,
16:18,374.88,1.61,2.41,,,
16:18,375.04,1.71,2.21,,,
16:18,375.21,1.78,2.14,,,
16:18,375.37,1.64,1.99,,,
16:18,375.54,1.93,2.31,,,
16:18,375.7,1.87,2.04,,,
16:18,375.87,2.14,2.02,,,
16:18,376.03,2.43,2.16,,,
16:18,376.2,2.11,1.96,,,
16:18,376.36,2.48,2.33,,,
16:18,376.53,2.04,2.3,,,
16:18,376.69,1.82,2.72,,,
16:18,376.86,1.85,2.77,,,
16:18,377.02,1.52,2.6,,,
16:18,377.19,1.8,2.26,,,
16:18,377.35,1.92,1.84,,,
16:18,377.52,1.59,2.21,,,
16:18,377.68,1.67,2.93,,,
16:18,377.85,1.57,2.99,,,
16:18,378.01,1.65,3.06,,,
16:18,378.18,2.07,2.33,,,
16:18,378.34,1.68,1.78,,,
16:18,378.51,1.33,2.37,,,
16:18,378.67,1.29,3.4,,,
16:18,378.84,1.24,3.19,,,
16:18,379,2.05,2.38,,,
16:18,379.17,2.16,1.62,,,
16:18,379.33,1.87,1.43,,,
16:18,379.5,1.93,1.93,,,
16:18,379.66,1.63,2.27,,,
16:18,379.83,1.35,2.19,,,
16:18,379.99,1.49,2.56,,,
16:18,380.16,1.41,2.37,,,
16:18,380.32,1.09,2.28,,,
16:18,380.49,1.46,2.69,,,
16:18,380.65,1.39,2.73,,,
16:18,380.82,1.19,2.43,,,
16:18,380.98,1.55,2.87,,,
16:18,381.15,1.93,2.79,,,
16:18,381.31,1.9,2.45,,,
16:18,381.48,2.18,2.73,,,
16:18,381.64,2.19,3.04,,,
16:18,381.81,1.65,2.85,,,
16:18,381.97,1.83,3.13,,,
16:18,382.14,2.06,3.47,,,
16:18,382.3,1.97,3.42,,,
16:18,382.47,2.37,3.9,,,
16:18,382.63,2.76,4.19,,,
16:18,382.8,2.62,3.83,,,
16:18,382.96,2.8,3.8,,,
16:18,383.13,2.81,3.59,,,
16:18,383.29,2.62,3.5,,,
16:18,383.46,2.93,3.85,,,
16:18,383.62,2.93,3.85,,,
16:18,383.79,2.87,3.66,,,
16:18,383.95,3.22,3.99,,,
16:18,384.12,3.29,4.04,,,
16:18,384.28,3.51,4.32,,,
16:18,384.45,3.74,4.84,,,
16:18,384.61,3.58,4.69,,,
16:18,384.78,3.64,4.7,,,
16:18,384.94,3.63,4.76,,,
16:18,385.11,3.32,4.63,,,
16:18,385.27,3.49,4.74,,,
16:18,385.44,3.54,4.78,,,
16:18,385.6,3.34,4.5,,,
16:18,385.77,3.57,4.62,,,
16:18,385.93,3.53,4.61,,,
16:18,386.1,3.36,4.35,,,
16:18,386.26,3.59,4.53,,,
16:18,386.43,3.44,4.37,,,
16:18,386.59,3.47,4.41,,,
16:18,386.76,3.52,4.5,,,
16:18,386.92,3.25,4.19,,,
16:18,387.09,3.44,4.23,,,
16:18,387.25,3.42,4.28,,,
16:18,387.42,3.27,4.24,,,
16:18,387.58,3.03,4.48,,,
16:18,387.75,2.56,4.13,,,
16:18,387.91,2.8,4.06,,,
16:18,388.08,2.99,3.96,,,
16:18,388.24,2.94,3.95,,,
16:18,388.41,3.1,4.3,,,
16:18,388.57,3.05,4.22,,,
16:18,388.74,2.88,4.03,,,
16:18,388.9,3.14,4.17,,,
16:18,389.07,2.94,4.1,,,
16:18,389.23,3.08,4.2,,,
16:18,389.4,3.15,4.2,,,
16:18,389.56,3.1,4,,,
16:18,389.73,3.24,4.21,,,
16:18,389.89,3.16,4.16,,,
16:18,390.06,3.13,4.32,,,
16:18,390.22,3.31,4.56,,,
16:18,390.39,3.22,4.44,,,
16:18,390.55,3.31,4.48,,,
16:18,390.72,3.43,4.59,,,
16:18,390.88,3.29,4.43,,,
16:18,391.05,3.46,4.6,,,
16:18,391.21,3.44,4.6,,,
16:18,391.38,3.31,4.62,,,
16:18,391.54,3.54,4.78,,,
16:18,391.71,3.34,4.64,,,
16:18,391.87,3.39,4.68,,,
16:18,392.04,3.51,4.68,,,
16:18,392.2,3.22,4.51,,,
16:18,392.37,3.44,4.65,,,
16:18,392.53,3.42,4.65,,,
16:18,392.7,3.26,4.51,,,
16:18,392.86,3.45,4.63,,,
16:18,393.03,3.29,4.55,,,
16:18,393.19,3.18,4.41,,,
16:18,393.36,3.2,4.41,,,
16:18,393.52,2.86,4.33,,,
16:18,393.69,3.23,4.46,,,
16:18,393.85,3.24,4.53,,,
16:18,394.02,3.12,4.26,,,
16:18,394.18,3.19,4.37,,,
16:18,394.35,3.06,4.21,,,
16:18,394.51,2.94,4.16,,,
16:18,394.68,3.04,4.26,,,
16:18,394.84,2.75,4.12,,,
16:18,395.01,3,4.4,,,
16:18,395.17,2.96,4.25,,,
16:18,395.34,2.87,3.9,,,
16:18,395.5,2.86,4.1,,,
16:18,395.67,2.63,3.99,,,
16:18,395.83,2.78,4.1,,,
16:18,396,2.82,4.12,,,
16:18,396.16,2.66,3.88,,,
16:18,396.33,2.81,4.01,,,
16:18,396.49,2.6,3.87,,,
16:18,396.66,2.52,3.76,,,
16:18,396.82,2.77,3.96,,,
16:18,396.99,2.59,3.81,,,
16:18,397.15,2.8,4,,,
16:18,397.32,2.83,4.17,,,
16:18,397.48,2.7,3.95,,,
16:18,397.65,3,4.16,,,
16:18,397.81,2.92,4.03,,,
16:18,397.98,2.95,4.21,,,
16:18,398.14,3.09,4.48,,,
16:18,398.31,3,4.25,,,
16:18,398.47,3.14,4.43,,,
16:18,398.64,3.07,4.31,,,
16:18,398.8,3.04,4.35,,,
16:18,398.97,3.15,4.48,,,
16:18,399.13,2.95,4.41,,,
16:18,399.3,3.24,4.67,,,
16:18,399.46,3.26,4.84,,,
16:18,399.63,3.14,4.48,,,
16:18,399.79,3.18,4.59,,,
16:18,399.96,2.95,4.55,,,
16:18,400.12,2.81,4.56,,,
16:18,400.29,3.13,4.75,,,
16:18,400.45,3.14,4.65,,,
16:18,400.62,3.15,4.59,,,
16:18,400.78,3.21,4.71,,,
16:18,400.95,2.97,4.61,,,
16:18,401.11,3.21,4.91,,,
16:18,401.28,3.23,5.04,,,
16:18,401.44,3.11,5.06,,,
16:18,401.61,3.33,5.26,,,
16:18,401.77,3.19,5.17,,,
16:18,401.94,3.28,5.31,,,
16:18,402.1,3.4,5.37,,,
16:18,402.27,3.24,5.22,,,
16:18,402.43,3.36,5.31,,,
16:18,402.6,3.25,5.17,,,
16:18,402.76,3.21,4.99,,,
16:18,402.93,3.32,5.12,,,
16:18,403.09,3.02,4.87,,,
16:18,403.26,3.04,4.9,,,
16:18,403.42,3.09,4.98,,,
16:18,403.59,2.94,4.91,,,
16:18,403.75,2.96,5,,,
16:18,403.92,2.84,4.8,,,
16:18,404.08,2.71,4.58,,,
16:18,404.25,2.83,4.67,,,
16:18,404.41,2.41,4.49,,,
16:18,404.58,2.83,4.8,,,
16:18,404.74,3.17,5.04,,,
16:18,404.91,3.13,4.69,,,
16:18,405.07,3.21,4.86,,,
16:18,405.24,2.77,4.5,,,
16:18,405.4,2.51,4.22,,,
16:18,405.57,2.42,4.33,,,
16:18,405.73,2.13,4.11,,,
16:18,405.9,2.51,4.28,,,
16:18,406.06,2.66,4.4,,,
16:18,406.23,2.55,4.1,,,
16:18,406.39,2.84,4.15,,,
16:18,406.56,2.85,4.1,,,
16:18,406.72,2.86,4.04,,,
16:18,406.89,2.95,4.19,,,
16:18,407.05,2.88,4.13,,,
16:18,407.22,2.97,4.34,,,
16:18,407.38,3.03,4.28,,,
16:18,407.55,3.02,4.15,,,
16:18,407.71,3.2,4.38,,,
16:18,407.88,3,4.29,,,
16:18,408.04,2.99,4.35,,,
16:18,408.21,3.13,4.48,,,
16:18,408.37,2.78,4.22,,,
16:18,408.54,2.97,4.25,,,
16:18,408.7,3.01,4.22,,,
16:18,408.87,2.71,3.96,,,
16:18,409.03,2.96,4.13,,,
16:18,409.2,2.68,3.85,,,
16:18,409.36,2.46,3.77,,,
16:18,409.53,2.79,4.13,,,
16:18,409.69,3.05,4.21,,,
16:18,409.86,3.31,4.36,,,
16:18,410.02,3.59,4.6,,,
16:18,410.19,3.38,4.81,,,
16:18,410.35,3.71,5.38,,,
16:18,410.52,3.76,5.49,,,
16:18,410.68,3.43,5.12,,,
16:18,410.85,3.72,5.24,,,
16:18,411.01,3.77,5.32,,,
16:18,411.18,3.58,5.13,,,
16:18,411.34,3.79,5.25,,,
16:18,411.51,3.62,5.43,,,
16:18,411.67,3.34,5.32,,,
16:18,411.84,3.54,5.65,,,
16:18,412,3.47,5.74,,,
16:18,412.17,3.3,5.71,,,
16:18,412.33,3.64,5.89,,,
16:18,412.5,3.63,5.82,,,
16:18,412.66,3.49,5.65,,,
16:18,412.83,3.88,5.75,,,
16:18,412.99,3.78,5.58,,,
16:18,413.16,3.6,5.56,,,
16:18,413.32,3.91,5.89,,,
16:18,413.49,3.77,5.79,,,
16:18,413.65,4.05,5.52,,,
16:18,413.82,4.96,5.56,,,
16:18,413.98,4.55,4.91,,,
16:18,414.15,3.96,4.66,,,
16:18,414.31,3.94,4.87,,,
16:18,414.48,3.68,4.69,,,
16:18,414.64,3.57,4.64,,,
16:18,414.81,3.53,4.88,,,
16:18,414.97,3.09,4.74,,,
16:18,415.14,3.08,4.77,,,
16:18,415.3,3.25,5.32,,,
16:18,415.47,3.16,5.29,,,
16:18,415.63,3.12,5.36,,,
16:18,415.8,3.24,5.6,,,
16:18,415.96,3.04,5.34,,,
16:18,416.13,3.08,5.35,,,
16:18,416.29,3.15,5.59,,,
16:18,416.46,2.96,5.32,,,
16:18,416.62,3.08,5.42,,,
16:18,416.79,3.11,5.56,,,
16:18,416.95,2.98,5.33,,,
16:18,417.12,3.07,5.59,,,
16:18,417.28,3.03,5.58,,,
16:18,417.45,2.97,5.33,,,
16:18,417.61,3.15,5.55,,,
16:18,417.78,3.19,5.7,,,
16:18,417.94,3.19,5.53,,,
16:18,418.11,3.39,5.52,,,
16:18,418.27,3.08,4.99,,,
16:18,418.44,2.57,4.46,,,
16:18,418.6,2.51,4.71,,,
16:18,418.77,2.34,4.74, EVNT9,Odor of father,stimulation start
16:18,418.93,2.46,4.81,,,
16:18,419.1,2.87,5.06,,,
16:18,419.26,2.61,4.78,,,
16:18,419.43,2.46,4.62,,,
16:18,419.59,2.78,4.73,,,
16:18,419.76,2.26,4.57,,,
16:18,419.92,2.38,4.51,,,
16:18,420.09,2.6,4.79,,,
16:18,420.25,2.33,4.82,,,
16:18,420.42,2.51,5.1,,,
16:18,420.58,2.62,5.31,,,
16:18,420.75,2.48,5.23,,,
16:18,420.91,2.61,5.33,,,
16:18,421.08,2.68,5.4,,,
16:18,421.24,2.51,5.21,,,
16:18,421.41,2.61,5.47,,,
16:18,421.57,2.64,5.51,,,
16:18,421.74,2.4,5.34,,,
16:18,421.9,2.59,5.46,,,
16:18,422.07,2.65,5.55,,,
16:18,422.23,2.44,5.28,,,
16:18,422.4,2.5,5.3,,,
16:18,422.56,2.47,5.25,,,
16:18,422.73,2.3,4.77,,,
16:18,422.89,2.31,4.66,,,
16:18,423.06,2.36,4.71,,,
16:18,423.22,1.96,4.54,,,
16:18,423.39,2.21,4.66,,,
16:18,423.55,2.18,4.67,,,
16:18,423.72,1.91,4.64,,,
16:18,423.88,2.35,4.88,,,
16:18,424.05,2.21,4.93,,,
16:18,424.21,2.21,4.76,,,
16:18,424.38,2.43,5.02,,,
16:18,424.54,2.33,4.73,,,
16:18,424.71,2.32,4.61,,,
16:18,424.87,2.52,4.9,,,
16:18,425.04,2.42,4.84,,,
16:18,425.2,2.88,5.29,,,
16:18,425.37,3.12,5.48,,,
16:18,425.53,2.97,5.45,,,
16:18,425.7,3.2,5.77,,,
16:18,425.86,3.14,5.63,,,
16:18,426.03,2.9,5.23,,,
16:18,426.19,3.12,5.31,,,
16:18,426.36,2.88,5.3,,,
16:18,426.52,2.93,5.32,,,
16:18,426.69,3.12,5.49,,,
16:18,426.85,2.84,5.34,,,
16:18,427.02,2.87,5.39,,,
16:18,427.18,3.01,5.51,,,
16:18,427.35,2.85,5.37,,,
16:18,427.51,3.06,5.58,,,
16:18,427.68,3.16,5.58,,,
16:18,427.84,2.98,5.47,,,
16:18,428.01,3.34,5.71,,,
16:18,428.17,3.21,5.62,,,
16:18,428.34,3.1,5.46,,,
16:18,428.5,3.32,5.55,,,
16:18,428.67,3.04,5.28,,,
16:18,428.83,3.14,5.15,,,
16:18,429,3.26,5.28,,,
16:19,429.16,3.1,5.12,,,
16:19,429.33,3.2,5.31,,,
16:19,429.49,3.17,5.4,,,
16:19,429.66,3.03,5.35,,,
16:19,429.82,3.11,5.46,,,
16:19,429.99,3.07,5.34,,,
16:19,430.15,3.09,5.36,,,
16:19,430.32,3.15,5.55,,,
16:19,430.48,3.08,5.56,,,
16:19,430.65,3.23,5.48,,,
16:19,430.81,3.23,5.37,,,
16:19,430.98,2.92,5.35,,,
16:19,431.14,3.14,5.6,,,
16:19,431.31,3.07,5.5,,,
16:19,431.47,2.93,5.34,,,
16:19,431.64,3.1,5.46,,,
16:19,431.8,2.93,5.24,,,
16:19,431.97,2.94,5.23,,,
16:19,432.13,2.98,5.17,,,
16:19,432.3,2.93,4.96,,,
16:19,432.46,3.02,5.16,,,
16:19,432.63,2.99,5.24,,,
16:19,432.79,2.94,5.28,,,
16:19,432.96,3.06,5.48,,,
16:19,433.12,2.94,5.18,,,
16:19,433.29,3,5.17,,,
16:19,433.45,3.13,5.4,,,
16:19,433.62,2.93,5.47,,,
16:19,433.78,3.2,5.61,,,
16:19,433.95,3.21,5.65,,,
16:19,434.11,3.17,5.65,,,
16:19,434.28,3.44,5.82,,,
16:19,434.44,3.29,5.69,,,
16:19,434.61,3.46,5.69,,,
16:19,434.77,3.67,5.88,,,
16:19,434.94,3.49,5.7,,,
16:19,435.1,3.58,5.93,,,
16:19,435.27,3.65,6.04,,,
16:19,435.43,3.44,5.89,,,
16:19,435.6,3.63,5.98,,,
16:19,435.76,3.69,6.09,,,
16:19,435.93,3.5,5.87,,,
16:19,436.09,3.63,5.97,,,
16:19,436.26,3.52,6.02,,,
16:19,436.42,3.33,5.84,,,
16:19,436.59,3.76,6.15,,,
16:19,436.75,3.83,6.04,,,
16:19,436.92,3.69,5.62,,,
16:19,437.08,3.85,5.5,,,
16:19,437.25,3.51,5.31,,,
16:19,437.41,3.59,5.64,,,
16:19,437.58,3.86,6.12,,,
16:19,437.74,3.65,5.79,,,
16:19,437.91,3.76,5.87,,,
16:19,438.07,3.95,6.11,,,
16:19,438.24,3.72,5.94,,,
16:19,438.4,3.87,5.92,,,
16:19,438.57,3.89,5.84,,,
16:19,438.73,3.53,5.6,,,
16:19,438.9,3.62,5.85,,,
16:19,439.06,3.51,5.78,,,
16:19,439.23,3.26,5.75,,,
16:19,439.39,3.51,5.96,,,
16:19,439.56,3.4,5.75,,,
16:19,439.72,3.25,5.61,,,
16:19,439.89,3.41,5.89,,,
16:19,440.05,3.22,5.8,,,
16:19,440.22,3.23,5.91,,,
16:19,440.38,3.44,6.33,,,
16:19,440.55,3.21,6.22,,,
16:19,440.71,3.34,6.32,,,
16:19,440.88,3.19,6.38,,,
16:19,441.04,3.04,6.18,,,
16:19,441.21,3.32,6.24,,,
16:19,441.37,3.15,6.11,,,
16:19,441.54,3.06,5.99,,,
16:19,441.7,3.15,5.98,,,
16:19,441.87,3.06,5.77,,,
16:19,442.03,3.02,5.73,,,
16:19,442.2,3.14,5.76,,,
16:19,442.36,3.02,5.58,,,
16:19,442.53,3.12,5.86,,,
16:19,442.69,3.1,5.99,,,
16:19,442.86,3.01,5.89,,,
16:19,443.02,3.11,6.17,,,
16:19,443.19,3.04,6.34,,,
16:19,443.35,3.06,6.5,,,
16:19,443.52,3.33,6.87,,,
16:19,443.68,3.07,6.67,,,
16:19,443.85,3.34,6.72,,,
16:19,444.01,3.35,6.82,,,
16:19,444.18,3.16,6.73,,,
16:19,444.34,3.53,6.99,,,
16:19,444.51,3.37,6.96,,,
16:19,444.67,3.4,7.09,,,
16:19,444.84,3.43,7.38,,,
16:19,445,3.15,7.13,,,
16:19,445.17,3.35,7.3,,,
16:19,445.33,3.28,7.16,,,
16:19,445.5,3.15,6.98,,,
16:19,445.66,3.39,7.1,,,
16:19,445.83,3.17,6.99,,,
16:19,445.99,3.18,6.94,,,
16:19,446.16,3.3,7.08,,,
16:19,446.32,3.06,6.6,,,
16:19,446.49,3.33,6.3,,,
16:19,446.65,3.42,5.7,,,
16:19,446.82,3.01,5.38,,,
16:19,446.98,3.07,5.68,,,
16:19,447.15,2.95,5.7,,,
16:19,447.31,2.97,5.64,,,
16:19,447.48,2.87,5.46,,,
16:19,447.64,2.75,5.04,,,
16:19,447.81,2.96,5.22,,,
16:19,447.97,2.93,5.32,,,
16:19,448.14,2.96,5.43,,,
16:19,448.3,3.22,5.74,,,
16:19,448.47,2.95,5.55,,,
16:19,448.63,3.03,5.75,,,
16:19,448.8,3.09,6.14,,,
16:19,448.96,2.97,6.06,,,
16:19,449.13,3.17,6.41,,,
16:19,449.29,3.46,6.63,,,
16:19,449.46,3.99,6.79,,,
16:19,449.62,4.69,7.23,,,
16:19,449.79,4.68,7.24,,,
16:19,449.95,4.87,7.35,,,
16:19,450.12,5.04,7.6,,,
16:19,450.28,4.9,7.53,,,
16:19,450.45,5.24,7.69,,,
16:19,450.61,5.32,7.76, EVNT10,Odor of father,stimulation stop
16:19,450.78,5.74,7.47,,,
16:19,450.94,6.01,7.55,,,
16:19,451.11,5.74,7.45,,,
16:19,451.27,5.48,7.42,,,
16:19,451.44,4.99,6.68,,,
16:19,451.6,4.19,5.99,,,
16:19,451.77,4.28,6.11,,,
16:19,451.93,4.06,6.12,,,
16:19,452.1,3.91,5.99,,,
16:19,452.26,4.02,6.2,,,
16:19,452.43,3.78,6.01,,,
16:19,452.59,3.76,5.94,,,
16:19,452.76,3.86,6.07,,,
16:19,452.92,3.61,5.84,,,
16:19,453.09,3.7,5.82,,,
16:19,453.25,3.77,6.1,,,
16:19,453.42,3.56,5.99,,,
16:19,453.58,3.64,6.06,,,
16:19,453.75,3.72,6.16,,,
16:19,453.91,3.56,6.12,,,
16:19,454.08,3.85,6.24,,,
16:19,454.24,3.79,6.16,,,
16:19,454.41,3.62,5.93,,,
16:19,454.57,3.83,6.26,,,
16:19,454.74,3.7,6.33,,,
16:19,454.9,3.61,6.18,,,
16:19,455.07,3.89,6.43,,,
16:19,455.23,3.8,6.42,,,
16:19,455.4,3.72,6.32,,,
16:19,455.56,4.01,6.43,,,
16:19,455.73,3.85,6.24,,,
16:19,455.89,3.63,6.06,,,
16:19,456.06,3.85,6.19,,,
16:19,456.22,3.65,6.01,,,
16:19,456.39,3.53,5.88,,,
16:19,456.55,3.71,6.02,,,
16:19,456.72,3.52,5.78,,,
16:19,456.88,3.46,5.65,,,
16:19,457.05,3.52,5.8,,,
16:19,457.21,3.3,5.56,,,
16:19,457.38,3.34,5.63,,,
16:19,457.54,3.42,5.8,,,
16:19,457.71,3.19,5.53,,,
16:19,457.87,3.28,5.56,,,
16:19,458.04,3.39,5.71,,,
16:19,458.2,3.1,5.51,,,
16:19,458.37,3.27,5.58,,,
16:19,458.53,3.24,5.57,,,
16:19,458.7,2.96,5.31,,,
16:19,458.86,3.17,5.46,,,
16:19,459.03,3.27,5.65,,,
16:19,459.19,2.97,5.33,,,
16:19,459.36,3.11,5.27,,,
16:19,459.52,3.13,5.4,,,
16:19,459.69,2.99,5.23,,,
16:19,459.85,3.17,5.26,,,
16:19,460.02,2.95,5.21,,,
16:19,460.18,2.93,5.31,,,
16:19,460.35,3.09,5.55,,,
16:19,460.51,2.87,5.37,,,
16:19,460.68,3.13,5.45,,,
16:19,460.84,3.15,5.6,,,
16:19,461.01,2.98,5.44,,,
16:19,461.17,3.32,5.72,,,
16:19,461.34,3.22,5.68,,,
16:19,461.5,3.13,5.69,,,
16:19,461.67,3.28,5.87,,,
16:19,461.83,3.12,5.8,,,
16:19,462,3.37,6.07,,,
16:19,462.16,3.44,6.17,,,
16:19,462.33,3.35,6.03,,,
16:19,462.49,3.58,6.16,,,
16:19,462.66,3.48,6.12,,,
16:19,462.82,3.47,6.11,,,
16:19,462.99,3.62,6.21,,,
16:19,463.15,3.46,6.03,,,
16:19,463.32,3.64,6.18,,,
16:19,463.48,3.59,6.19,,,
16:19,463.65,3.45,6.06,,,
16:19,463.81,3.7,6.16,,,
16:19,463.98,3.57,6.12,,,
16:19,464.14,3.51,6.03,,,
16:19,464.31,3.75,6.15,,,
16:19,464.47,3.58,5.8,,,
16:19,464.64,3.49,5.77,,,
16:19,464.8,3.7,6.01,,,
16:19,464.97,3.57,5.8,,,
16:19,465.13,3.61,5.85,,,
16:19,465.3,3.8,6.04,,,
16:19,465.46,3.57,5.79,,,
16:19,465.63,3.7,6.04,,,
16:19,465.79,3.61,6.12,,,
16:19,465.96,3.34,5.62,,,
16:19,466.12,3.52,5.86,,,
16:19,466.29,3.46,5.85,,,
16:19,466.45,3.45,5.8,,,
16:19,466.62,3.63,5.95,,,
16:19,466.78,3.43,5.9,,,
16:19,466.95,3.5,6.08,,,
16:19,467.11,3.67,6.17,,,
16:19,467.28,3.41,5.88,,,
16:19,467.44,3.49,5.96,,,
16:19,467.61,3.47,5.94,,,
16:19,467.77,3.2,5.71,,,
16:19,467.94,3.42,5.91,,,
16:19,468.1,3.41,5.91,,,
16:19,468.27,3.21,5.81,,,
16:19,468.43,3.43,6.02,,,
16:19,468.6,3.31,6.01,,,
16:19,468.76,3.32,5.89,,,
16:19,468.93,3.46,6.11,,,
16:19,469.09,3.34,6.01,,,
16:19,469.26,3.39,6.1,,,
16:19,469.42,3.68,6.25,,,
16:19,469.59,3.4,5.93,,,
16:19,469.75,3.28,5.77,,,
16:19,469.92,3.39,5.89,,,
16:19,470.08,3.25,5.86,,,
16:19,470.25,3.35,5.98,,,
16:19,470.41,3.21,5.72,,,
16:19,470.58,2.76,5.25,,,
16:19,470.74,2.92,5.28,,,
16:19,470.91,2.73,5.25,,,
16:19,471.07,2.74,5.15,,,
16:19,471.24,2.96,5.27,,,
16:19,471.4,2.76,5.17,,,
16:19,471.57,2.73,5.06,,,
16:19,471.73,2.76,5.22,,,
16:19,471.9,2.53,5.03,,,
16:19,472.06,2.66,5.07,,,
16:19,472.23,2.7,5.11,,,
16:19,472.39,2.49,4.92,,,
16:19,472.56,2.63,5.07,,,
16:19,472.72,2.67,5.21,,,
16:19,472.89,2.46,5.05,,,
16:19,473.05,2.67,5.25,,,
16:19,473.22,2.67,5.31,,,
16:19,473.38,2.43,5.08,,,
16:19,473.55,2.68,5.18,,,
16:19,473.71,2.7,5.18,,,
16:19,473.88,2.51,4.57,,,
16:19,474.04,2.73,4.55,,,
16:19,474.21,2.67,4.55,,,
16:19,474.37,2.56,4.4,,,
16:19,474.54,2.85,4.69,,,
16:19,474.7,2.7,4.79,,,
16:19,474.87,2.7,4.85,,,
16:19,475.03,2.9,5.12,,,
16:19,475.2,2.72,5.1,,,
16:19,475.36,2.87,5.16,,,
16:19,475.53,2.89,5.24,,,
16:19,475.69,2.84,5.1,,,
16:19,475.86,3.04,5.2,,,
16:19,476.02,2.9,4.95,,,
16:19,476.19,2.45,4.38,,,
16:19,476.35,2.55,4.48,,,
16:19,476.52,2.55,4.43,,,
16:19,476.68,2.53,4.26,,,
16:19,476.85,2.77,4.4,,,
16:19,477.01,2.69,4.34,,,
16:19,477.18,2.8,4.66,,,
16:19,477.34,2.86,4.59,,,
16:19,477.51,2.62,4.35,,,
16:19,477.67,2.78,4.44,,,
16:19,477.84,2.79,4.48,,,
16:19,478,2.67,4.33,,,
16:19,478.17,2.91,4.54,,,
16:19,478.33,2.86,4.52,,,
16:19,478.5,2.83,4.5,,,
16:19,478.66,3.03,4.78,,,
16:19,478.83,2.82,4.63,,,
16:19,478.99,2.95,4.68,,,
16:19,479.16,3.07,4.81,,,
16:19,479.32,2.92,4.67,,,
16:19,479.49,3.2,4.89,,,
16:19,479.65,3.21,4.89,,,
16:19,479.82,3.06,4.85,,,
16:19,479.98,3.26,5.15,,,
16:19,480.15,3.15,5,,,
16:19,480.31,3.11,4.94,,,
16:19,480.48,3.38,5.15,,,
16:19,480.64,3.24,5.06,,,
16:19,480.81,3.37,5.1,,,
16:19,480.97,3.51,5.21,,,
16:19,481.14,3.27,5.09,,,
16:19,481.3,3.42,5.22,,,
16:19,481.47,3.44,5.27,,,
16:19,481.63,3.25,5.11,,,
16:19,481.8,3.56,5.35,,,
16:19,481.96,3.39,5.28,,,
16:19,482.13,3.31,5.2,,,
16:19,482.29,3.59,5.42,,,
16:19,482.46,3.38,5.36,,,
16:19,482.62,3.44,5.34,,,
16:19,482.79,3.58,5.55,,,
16:19,482.95,3.39,5.4,,,
16:19,483.12,3.59,5.53,,,
16:19,483.28,3.59,5.56,,,
16:19,483.45,3.42,5.44,,,
16:19,483.61,3.69,5.65,,,
16:19,483.78,3.5,5.62,,,
16:19,483.94,3.5,5.58,,,
16:19,484.11,3.76,5.8,,,
16:19,484.27,3.45,5.71,,,
16:19,484.44,3.66,5.75,,,
16:19,484.6,3.69,5.8,,,
16:19,484.77,3.44,5.63,,,
16:19,484.93,3.6,5.87,,,
16:19,485.1,3.58,5.82,,,
16:19,485.26,3.4,5.73,,,
16:19,485.43,3.65,5.93,,,
16:19,485.59,3.56,5.92,,,
16:19,485.76,3.53,5.91,,,
16:19,485.92,3.68,6.04,,,
16:19,486.09,3.43,5.86,,,
16:19,486.25,3.54,5.93,,,
16:19,486.42,3.57,6.01,,,
16:19,486.58,3.28,5.82,,,
16:19,486.75,3.48,5.85,,,
16:19,486.91,3.49,5.84,,,
16:19,487.08,3.24,5.7,,,
16:19,487.24,3.42,5.81,,,
16:19,487.41,3.33,5.78,,,
16:19,487.57,3.2,5.59,,,
16:19,487.74,3.29,5.73,,,
16:19,487.9,3.24,5.6,,,
16:19,488.07,3.05,5.42,,,
16:19,488.23,3.23,5.56,,,
16:19,488.4,3.13,5.5,,,
16:19,488.56,3.01,5.35,,,
16:19,488.73,3.19,5.52,,,
16:19,488.89,2.99,5.33,,,
16:19,489.06,3.01,5.27,,,
16:20,489.22,3.16,5.38,,,
16:20,489.39,2.96,5.2,,,
16:20,489.55,3.05,5.27,,,
16:20,489.72,3.06,5.25,,,
16:20,489.88,2.84,5.05,,,
16:20,490.05,2.96,5.14,,,
16:20,490.21,2.91,5.08,,,
16:20,490.38,2.83,4.92,,,
16:20,490.54,3.02,5.14,,,
16:20,490.71,2.87,5.01,,,
16:20,490.87,2.9,5.01,,,
16:20,491.04,3.1,5.22,,,
16:20,491.2,2.88,5.12,,,
16:20,491.37,3.11,5.24,,,
16:20,491.53,3.15,5.23,,,
16:20,491.7,3.03,5.08,,,
16:20,491.86,3.19,5.22,,,
16:20,492.03,3.11,5.1,,,
16:20,492.19,3.18,5.23,,,
16:20,492.36,3.26,5.35,,,
16:20,492.52,3.09,5.11,,,
16:20,492.69,3.18,5.24,,,
16:20,492.85,3.2,5.25,,,
16:20,493.02,3.04,5.19,,,
16:20,493.18,3.24,5.33,,,
16:20,493.35,3.16,5.35,,,
16:20,493.51,3.09,5.33,,,
16:20,493.68,3.32,5.53,,,
16:20,493.84,3.12,5.35,,,
16:20,494.01,3.21,5.45,,,
16:20,494.17,3.29,5.59,,,
16:20,494.34,3.14,5.43,,,
16:20,494.5,3.21,5.48,,,
16:20,494.67,3.15,5.21,,,
16:20,494.83,2.86,4.95,,,
16:20,495,3.02,5.09,,,
16:20,495.16,2.96,5.18,,,
16:20,495.33,2.73,5.01,,,
16:20,495.49,2.94,5.15,,,
16:20,495.66,2.97,5.2,,,
16:20,495.82,2.69,5.04,,,
16:20,495.99,2.91,5.17,,,
16:20,496.15,3.02,5.29,,,
16:20,496.32,2.78,5.14,,,
16:20,496.48,2.92,5.27,,,
16:20,496.65,3.02,5.37,,,
16:20,496.81,2.79,5.23,,,
16:20,496.98,2.9,5.36,,,
16:20,497.14,3.06,5.53,,,
16:20,497.31,2.89,5.42,,,
16:20,497.47,3.09,5.55,,,
16:20,497.64,3.15,5.63,,,
16:20,497.8,2.98,5.43,,,
16:20,497.97,3.14,5.51,,,
16:20,498.13,3.03,5.4,,,
16:20,498.3,2.86,5.15,,,
16:20,498.46,3.08,5.34,,,
16:20,498.63,2.96,5.26,,,
16:20,498.79,2.83,5.06,,,
16:20,498.96,3.03,5.22,,,
16:20,499.12,2.89,5.19,,,
16:20,499.29,2.8,5.11,,,
16:20,499.45,3.09,5.35,,,
16:20,499.62,2.9,5.2,,,
16:20,499.78,2.95,5.22,,,
16:20,499.95,3.11,5.38,,,
16:20,500.11,2.87,5.15,,,
16:20,500.28,2.93,5.17,,,
16:20,500.44,3.01,5.22,,,
16:20,500.61,2.77,5.02,,,
16:20,500.77,2.84,5.01,,,
16:20,500.94,3.01,5.01,,,
16:20,501.1,2.76,4.65,,,
16:20,501.27,2.86,4.64,,,
16:20,501.43,3.01,4.71,,,
16:20,501.6,2.76,4.4,,,
16:20,501.76,2.83,4.33,,,
16:20,501.93,3.02,4.31,,,
16:20,502.09,2.77,3.9,,,
16:20,502.26,2.68,3.96,,,
16:20,502.42,2.84,4.55,,,
16:20,502.59,2.73,4.68,,,
16:20,502.75,2.81,4.72,,,
16:20,502.92,3.03,4.96,,,
16:20,503.08,2.84,5.02,,,
16:20,503.25,3.1,5.28,,,
16:20,503.41,3.21,5.58,,,
16:20,503.58,2.96,5.39,,,
16:20,503.74,3.13,5.37,,,
16:20,503.91,3.11,5.49,,,
16:20,504.07,2.89,5.36,,,
16:20,504.24,3.07,5.48,,,
16:20,504.4,3.12,5.6,,,
16:20,504.57,2.83,5.37,,,
16:20,504.73,3,5.35,,,
16:20,504.9,2.98,5.28,,,
16:20,505.06,2.71,5.06,,,
16:20,505.23,2.87,5.06,,,
16:20,505.39,2.82,5.08,,,
16:20,505.56,2.71,4.89,,,
16:20,505.72,2.8,5.09,,,
16:20,505.89,2.71,5.01,,,
16:20,506.05,2.64,4.89,,,
16:20,506.22,2.74,5.08,,,
16:20,506.38,2.65,4.96,,,
16:20,506.55,2.64,4.91,,,
16:20,506.71,2.75,5.05,,,
16:20,506.88,2.59,4.91,,,
16:20,507.04,2.57,4.87,,,
16:20,507.21,2.69,5.02,,,
16:20,507.37,2.5,4.9,,,
16:20,507.54,2.62,4.94,,,
16:20,507.7,2.79,5.06,,,
16:20,507.87,2.71,4.91,,,
16:20,508.03,2.88,5.06,,,
16:20,508.2,2.97,5.07,,,
16:20,508.36,2.82,4.86,,,
16:20,508.53,3.04,5.14,,,
16:20,508.69,3.03,5.09,,,
16:20,508.86,2.89,5.04,,,
16:20,509.02,3.04,5.24,,,
16:20,509.19,2.86,5.14,,,
16:20,509.35,2.9,5.22,,,
16:20,509.52,3.13,5.52,,,
16:20,509.68,2.92,5.51,,,
16:20,509.85,3.12,5.6,,,
16:20,510.01,3.23,5.68,,,
16:20,510.18,3.03,5.53,,,
16:20,510.34,3.25,5.66, EVNT11,control,stimulation start
16:20,510.51,3.15,5.6,,,
16:20,510.67,3.05,5.45,,,
16:20,510.84,3.31,5.69,,,
16:20,511,3.29,5.49,,,
16:20,511.17,3.13,5.27,,,
16:20,511.33,3.25,5.34,,,
16:20,511.5,2.98,5.12,,,
16:20,511.66,2.94,5.07,,,
16:20,511.83,2.99,5.19,,,
16:20,511.99,2.75,5.01,,,
16:20,512.16,2.81,5.1,,,
16:20,512.32,2.96,5.22,,,
16:20,512.49,2.7,5.12,,,
16:20,512.65,2.89,5.27,,,
16:20,512.82,2.95,5.42,,,
16:20,512.98,2.74,5.46,,,
16:20,513.15,2.95,5.66,,,
16:20,513.31,2.97,5.88,,,
16:20,513.48,2.86,5.74,,,
16:20,513.64,3.06,5.96,,,
16:20,513.81,3.03,5.93,,,
16:20,513.97,2.97,5.82,,,
16:20,514.14,3.02,5.93,,,
16:20,514.3,2.96,5.93,,,
16:20,514.47,2.96,5.86,,,
16:20,514.63,3.04,5.99,,,
16:20,514.8,2.98,5.72,,,
16:20,514.96,2.9,5.61,,,
16:20,515.13,2.99,5.68,,,
16:20,515.29,2.81,5.48,,,
16:20,515.46,2.88,5.66,,,
16:20,515.62,2.91,5.81,,,
16:20,515.79,2.78,5.73,,,
16:20,515.95,2.92,5.93,,,
16:20,516.12,2.86,6.08,,,
16:20,516.28,3.3,6.07,,,
16:20,516.45,4.15,6.44,,,
16:20,516.61,4.08,6.3,,,
16:20,516.78,3.56,5.72,,,
16:20,516.94,3.15,5.4,,,
16:20,517.11,2.8,5.25,,,
16:20,517.27,2.65,5.24,,,
16:20,517.44,2.88,5.47,,,
16:20,517.6,2.69,5.45,,,
16:20,517.77,2.65,5.23,,,
16:20,517.93,2.43,5.13,,,
16:20,518.1,1.99,4.97,,,
16:20,518.26,2.41,5.17,,,
16:20,518.43,2.47,5.29,,,
16:20,518.59,2.39,5.16,,,
16:20,518.76,2.51,5.2,,,
16:20,518.92,2.47,5.18,,,
16:20,519.09,2.18,5.1,,,
16:20,519.25,2.46,5.24,,,
16:20,519.42,2.43,5.14,,,
16:20,519.58,2.26,4.96,,,
16:20,519.75,2.39,5.12,,,
16:20,519.91,2.28,4.99,,,
16:20,520.08,2.17,4.85,,,
16:20,520.24,2.36,4.95,,,
16:20,520.41,2.26,4.79,,,
16:20,520.57,2.26,4.78,,,
16:20,520.74,2.29,4.92,,,
16:20,520.9,2.23,4.71,,,
16:20,521.07,2.38,4.63,,,
16:20,521.23,2.42,4.59,,,
16:20,521.4,2.29,4.46,,,
16:20,521.56,2.56,4.69,,,
16:20,521.73,2.36,4.85,,,
16:20,521.89,2.41,4.92,,,
16:20,522.06,2.61,5.13,,,
16:20,522.22,2.48,5.15,,,
16:20,522.39,2.59,5.21,,,
16:20,522.55,2.58,5.28,,,
16:20,522.72,2.46,5.28,,,
16:20,522.88,2.61,5.55,,,
16:20,523.05,2.52,5.56,,,
16:20,523.21,2.52,5.52,,,
16:20,523.38,2.56,5.67,,,
16:20,523.54,2.27,5.39,,,
16:20,523.71,2.52,5.71,,,
16:20,523.87,2.59,5.75,,,
16:20,524.04,2.46,5.28,,,
16:20,524.2,2.56,5.38,,,
16:20,524.37,2.36,5.22,,,
16:20,524.53,2.34,5.25,,,
16:20,524.7,2.48,5.63,,,
16:20,524.86,2.46,5.65,,,
16:20,525.03,2.81,5.93,,,
16:20,525.19,3,6.01,,,
16:20,525.36,2.9,5.94,,,
16:20,525.52,3.29,6.46,,,
16:20,525.69,3.29,6.76,,,
16:20,525.85,3.46,6.99,,,
16:20,526.02,3.79,7.42,,,
16:20,526.18,3.56,7.41,,,
16:20,526.35,3.76,7.62,,,
16:20,526.51,4.04,7.7,,,
16:20,526.68,3.62,6.7,,,
16:20,526.84,3.23,6.03,,,
16:20,527.01,2.94,5.78,,,
16:20,527.17,2.42,5.44,,,
16:20,527.34,2.53,5.43,,,
16:20,527.5,2.38,5.22,,,
16:20,527.67,2.13,4.99,,,
16:20,527.83,2.43,5.12,,,
16:20,528,2.17,4.84,,,
16:20,528.16,2.32,4.78,,,
16:20,528.33,2.52,4.82,,,
16:20,528.49,2.13,4.49,,,
16:20,528.66,2.29,4.78,,,
16:20,528.82,2,4.69,,,
16:20,528.99,1.79,4.32,,,
16:20,529.15,1.87,4.48,,,
16:20,529.32,1.46,4.23,,,
16:20,529.48,1.25,3.86,,,
16:20,529.65,1.35,3.85,,,
16:20,529.81,1.14,3.42,,,
16:20,529.98,1.09,3.45,,,
16:20,530.14,1.29,3.75,,,
16:20,530.31,1.08,3.49,,,
16:20,530.47,1.24,3.6,,,
16:20,530.64,1.32,3.71,,,
16:20,530.8,1.12,3.44,,,
16:20,530.97,1.4,3.72,,,
16:20,531.13,1.36,3.74,,,
16:20,531.3,1.1,3.57,,,
16:20,531.46,1.51,4.05,,,
16:20,531.63,1.57,4.19,,,
16:20,531.79,1.41,4.03,,,
16:20,531.96,1.63,4.25,,,
16:20,532.12,1.42,4.16,,,
16:20,532.29,1.26,3.99,,,
16:20,532.45,1.47,4.14,,,
16:20,532.62,1.39,3.95,,,
16:20,532.78,1.44,4.1,,,
16:20,532.95,1.73,4.39,,,
16:20,533.11,1.6,4.36,,,
16:20,533.28,1.86,4.57,,,
16:20,533.44,1.99,4.75,,,
16:20,533.61,1.69,4.54,,,
16:20,533.77,1.78,4.5,,,
16:20,533.94,1.82,4.56,,,
16:20,534.1,1.58,4.28,,,
16:20,534.27,1.75,4.42,,,
16:20,534.43,1.61,4.46,,,
16:20,534.6,1.39,4.32,,,
16:20,534.76,1.61,4.46,,,
16:20,534.93,1.88,4.52,,,
16:20,535.09,1.33,3.83,,,
16:20,535.26,1.32,3.92,,,
16:20,535.42,1.21,3.87,,,
16:20,535.59,1.39,3.99,,,
16:20,535.75,1.97,4.22,,,
16:20,535.92,1.82,4.14,,,
16:20,536.08,1.46,4.25,,,
16:20,536.25,1.42,4.38,,,
16:20,536.41,1.24,4.43,,,
16:20,536.58,1.5,4.57,,,
16:20,536.74,1.47,4.61,,,
16:20,536.91,1.21,4.44,,,
16:20,537.07,1.42,4.74,,,
16:20,537.24,1.19,4.39,,,
16:20,537.4,0.97,3.79,,,
16:20,537.57,1.22,3.85,,,
16:20,537.73,0.98,3.84,,,
16:20,537.9,1.26,4.14,,,
16:20,538.06,1.28,4.08,,,
16:20,538.23,1.11,3.6,,,
16:20,538.39,1.63,3.77,,,
16:20,538.56,1.62,3.52,,,
16:20,538.72,1.81,3.32,,,
16:20,538.89,2.17,3.66,,,
16:20,539.05,2.1,3.62,,,
16:20,539.22,2.3,3.79,,,
16:20,539.38,2.46,4.07,,,
16:20,539.55,2.22,4.09,,,
16:20,539.71,2.58,4.45,,,
16:20,539.88,2.56,4.6,,,
16:20,540.04,2.37,4.44,,,
16:20,540.21,2.7,4.75,,,
16:20,540.37,2.6,4.82,,,
16:20,540.54,2.38,4.67,,,
16:20,540.7,2.59,4.96,,,
16:20,540.87,2.44,4.96,,,
16:20,541.03,2.13,4.91,,,
16:20,541.2,2.4,5.15,,,
16:20,541.36,2.31,4.95,,,
16:20,541.53,2.27,4.88,,,
16:20,541.69,2.44,5.16,,,
16:20,541.86,2.22,5.08,,,
16:20,542.02,2.2,5.11, EVNT12,control,stimulation stop
16:20,542.19,3.24,5.14,,,
16:20,542.35,3.11,4.9,,,
16:20,542.52,3.08,4.91,,,
16:20,542.68,2.94,4.99,,,
16:20,542.85,2.68,4.6,,,
16:20,543.01,2.86,4.86,,,
16:20,543.18,2.78,4.93,,,
16:20,543.34,2.58,4.69,,,
16:20,543.51,2.7,4.97,,,
16:20,543.67,2.36,4.95,,,
16:20,543.84,2.19,5.04,,,
16:20,544,2.41,5.34,,,
16:20,544.17,2,5.18,,,
16:20,544.33,1.89,5.2,,,
16:20,544.5,2.11,5.56,,,
16:20,544.66,1.78,5.41,,,
16:20,544.83,2.02,5.6,,,
16:20,544.99,2.22,5.77,,,
16:20,545.16,1.94,5.6,,,
16:20,545.32,2.25,5.77,,,
16:20,545.49,2.22,5.78,,,
16:20,545.65,1.95,5.69,,,
16:20,545.82,2.34,6.02,,,
16:20,545.98,2.2,5.94,,,
16:20,546.15,2.08,5.85,,,
16:20,546.31,2.28,6.06,,,
16:20,546.48,2.08,5.79,,,
16:20,546.64,2.29,6,,,
16:20,546.81,2.49,6.2,,,
16:20,546.97,2.76,5.15,,,
16:20,547.14,2.81,4.99,,,
16:20,547.3,2.29,4.77,,,
16:20,547.47,1.84,4.65,,,
16:20,547.63,1.83,4.76,,,
16:20,547.8,1.7,4.51,,,
16:20,547.96,1.84,4.27,,,
16:20,548.13,2.01,4.36,,,
16:20,548.29,1.65,4.2,,,
16:20,548.46,1.75,4.25,,,
16:20,548.62,1.76,4.31,,,
16:20,548.79,1.56,4.11,,,
16:20,548.95,1.81,4.38,,,
16:20,549.12,1.64,4.49,,,
16:21,549.28,1.87,4.73,,,
16:21,549.45,2.7,5,,,
16:21,549.61,2.58,4.92,,,
16:21,549.78,2.44,4.87,,,
16:21,549.94,2.21,4.65,,,
16:21,550.11,1.92,4.8,,,
16:21,550.27,2.07,4.85,,,
16:21,550.44,2.26,5.05,,,
16:21,550.6,2.12,4.93,,,
16:21,550.77,2.25,5.36,,,
16:21,550.93,2.23,5.72,,,
16:21,551.1,2.23,5.88,,,
16:21,551.26,2.41,6.42,,,
16:21,551.43,2.35,6.98,,,
16:21,551.59,2.82,5.89,,,
,,,,,,
,,,,,,
,,,,,,
,,,,,,
,,,,,,
,,,,,,
,,,,,,
,,,,,,
,,,,,,
,,,,,,
,,,,,,
,,,,,,
,,,,,,
,,,,,,
,,,,,,
,,,,,,
,,,,,,
,,,,,,
,,,,,,
,,,,,,
,,,,,,
,,,,,,
,,,,,,
,,,,,,
,,,,,,
,,,,,,
,,,,,,
,,,,,,
,,,,,,
,,,,,,
,,,,,,
,,,,,,
,,,,,,
